,EMP_MEAN,EMP_VAR,FPP_DF,PVALUES,FPP_DF_ALPHA,FPP_DF_FPP
0,0.49985100000000005,0.08514167459899999,,"[0.9276, 0.0284, 0.7172, 0.13240000000000007, 0.1532, 0.0932, 0.3216000000000001, 0.02639999999999998, 0.6476, 0.1684000000000001, 0.3724, 0.2771999999999999, 0.7164, 0.784, 0.948, 0.8652, 0.6020000000000001, 0.038, 0.1264, 0.186, 0.4856, 0.6176, 0.4112, 0.038799999999999946, 0.1904, 0.5364, 0.7844, 0.6084, 0.2208000000000001, 0.6836, 0.22320000000000007, 0.8532, 0.7316, 0.2516, 0.72, 0.4124000000000001, 0.8488, 0.2784, 0.2712, 0.6943999999999999, 0.9676, 0.5107999999999999, 0.2668, 0.558, 0.0664, 0.704, 0.7888, 0.7208000000000001, 0.8388, 0.15399999999999991, 0.9152, 0.4528000000000001, 0.3616, 0.236, 0.2064, 0.528, 0.9172, 0.04039999999999999, 0.49360000000000004, 0.2188000000000001, 0.8936, 0.5884, 0.3984, 0.9807999999999999, 0.1784, 0.576, 0.6364, 0.9116, 0.506, 0.1584000000000001, 0.4344, 0.2516, 0.524, 0.3056, 0.7747999999999999, 0.6035999999999999, 0.6116, 0.6292, 0.0812, 0.8384, 0.6428, 0.1512, 0.9776, 0.8244, 0.07759999999999989, 0.12480000000000002, 0.1264, 0.3455999999999999, 0.8568, 0.0936, 0.5591999999999999, 0.2791999999999999, 0.6048, 0.0444, 0.968, 0.5875999999999999, 0.6888, 0.4236, 0.8724000000000001, 0.6824, 0.1064, 0.2208000000000001, 0.6264, 0.8404, 0.8684000000000001, 0.3108, 0.7464, 0.4079999999999999, 0.1784, 0.9844, 0.996, 0.4664, 0.9968, 0.8232, 0.6584000000000001, 0.32119999999999993, 0.8131999999999999, 0.45399999999999996, 0.692, 0.9288000000000001, 0.11840000000000006, 0.32119999999999993, 0.3628, 0.7156, 0.7356, 0.2991999999999999, 0.382, 0.31079999999999997, 0.6188, 0.8011999999999999, 0.8819999999999999, 0.5288, 0.7656, 0.4648000000000001, 0.1016, 0.8144, 0.1259999999999999, 0.5788, 0.0244, 0.182, 0.106, 0.5368, 0.8276, 0.6636, 0.3068, 0.6284000000000001, 0.0376, 0.9732000000000001, 0.9976, 0.5791999999999999, 0.6432, 0.6272, 0.9543999999999999, 0.1196, 0.8016, 0.5124, 0.136, 0.5964, 0.27, 0.9196, 0.7412000000000001, 0.4072, 0.3216, 0.386, 0.3276, 0.7352000000000001, 0.7836, 0.7851999999999999, 0.8268, 0.9832000000000001, 0.4632, 0.5356, 0.688, 0.1868, 0.07040000000000002, 0.9956, 0.3184, 0.718, 0.057600000000000096, 0.5492, 0.226, 0.7164, 0.3828, 0.2108, 0.9212, 0.5636000000000001, 0.27679999999999993, 0.0012000000000000899, 0.4099999999999999, 0.23960000000000004, 0.28679999999999994, 0.6968, 0.9728, 0.10759999999999992, 0.5012, 0.01760000000000006, 0.4692, 0.4192, 0.8632, 0.058, 0.1324, 0.055600000000000094, 0.4344, 0.5147999999999999, 0.6943999999999999, 0.284, 0.6084, 0.9388000000000001, 0.2724, 0.7252000000000001, 0.9332, 0.392, 0.5332, 0.5056, 0.314, 0.49439999999999995, 0.6204, 0.1896, 0.2428, 0.216, 0.5656, 0.0596000000000001, 0.030399999999999983, 0.9248, 0.8272, 0.9076, 0.4468000000000001, 0.6883999999999999, 0.6892, 0.2796, 0.5284, 0.7856000000000001, 0.98, 0.9268, 0.8648, 0.7192000000000001, 0.39559999999999995, 0.7384, 0.3288, 0.8872, 0.7192000000000001, 0.3852, 0.046, 0.17199999999999993, 0.4244, 0.2796, 0.3228, 0.8028, 0.5484, 0.116, 0.8728, 0.17959999999999998, 0.3636, 0.39959999999999996, 0.6328, 0.7484, 0.04039999999999999, 0.0516, 0.1548, 0.7548, 0.654, 0.8696, 0.7203999999999999, 0.122, 0.7996000000000001, 0.7464, 0.8496, 0.5840000000000001, 0.7012, 0.9316, 0.5956, 0.5291999999999999, 0.3748, 0.5092000000000001, 0.9116, 0.19999999999999996, 0.3196000000000001, 0.3624, 0.312, 0.20920000000000005, 0.0852, 0.34, 0.5740000000000001, 0.7116, 0.016799999999999926, 0.0432, 0.3336, 0.2036, 0.8464, 0.8908, 0.4284, 0.4052, 0.0024, 0.6763999999999999, 0.9348, 0.3568, 0.9976, 0.8364, 0.0648, 0.5924, 0.8816, 0.2992, 0.5112000000000001, 0.9732, 0.5436, 0.246, 0.604, 0.3288, 0.79, 0.2224, 0.5544, 0.21799999999999997, 0.16680000000000006, 0.6428, 0.10440000000000005, 0.10559999999999992, 0.9872, 0.028, 0.4172, 0.8351999999999999, 0.3568, 0.029199999999999893, 0.8424, 0.040000000000000036, 0.6396, 0.284, 0.0536, 0.9944, 0.2276, 0.7804, 0.6724000000000001, 0.6104, 0.1348, 0.092, 0.4776, 0.6048, 0.3192, 0.8575999999999999, 0.7976000000000001, 0.35240000000000005, 0.7296, 0.45, 0.6328, 0.0752, 0.842, 0.1299999999999999, 0.6108, 0.8755999999999999, 0.1704000000000001, 0.8484, 0.9343999999999999, 0.0468, 0.81, 0.6608, 0.6299999999999999, 0.11919999999999997, 0.1756, 0.8596, 0.1328, 0.4524, 0.7547999999999999, 0.214, 0.04400000000000004, 0.5824, 0.2796, 0.5164, 0.16399999999999992, 0.5036, 0.262, 0.8092, 0.5112, 0.0244, 0.0328, 0.7296, 0.35440000000000005, 0.7876000000000001, 0.8204, 0.4019999999999999, 0.2752, 0.27, 0.8376, 0.8588, 0.3788, 0.432, 0.0948, 0.07360000000000011, 0.3868, 0.4428000000000001, 0.6228, 0.060799999999999965, 0.81, 0.8584, 0.1884, 0.8128, 0.1912, 0.4756, 0.8936, 0.43080000000000007, 0.33, 0.3652, 0.936, 0.9572, 0.2128, 0.2512000000000001, 0.026000000000000023, 0.11680000000000001, 0.12440000000000007, 0.1604000000000001, 0.2384, 0.9947999999999999, 0.276, 0.128, 0.0392, 0.25, 0.476, 0.4216, 0.9268000000000001, 0.322, 0.6848, 0.11759999999999993, 0.3348, 0.804, 0.8735999999999999, 0.8455999999999999, 0.7856000000000001, 0.7816000000000001, 0.7627999999999999, 0.428, 0.8051999999999999, 0.6484000000000001, 0.5096, 0.3728, 0.5584, 0.0656000000000001, 0.8944000000000001, 0.1296, 0.5296000000000001, 0.3456, 0.9463999999999999, 0.5880000000000001, 0.5660000000000001, 0.9676, 0.5780000000000001, 0.6588, 0.2911999999999999, 0.9204, 0.0056, 0.4876, 0.8792, 0.7404, 0.2956, 0.9219999999999999, 0.2212, 0.8368, 0.09319999999999995, 0.3928, 0.8228, 0.11040000000000005, 0.6736, 0.8744000000000001, 0.35319999999999996, 0.9444, 0.09919999999999995, 0.2452, 0.7884, 0.0016, 0.16159999999999997, 0.19520000000000004, 0.5496000000000001, 0.5920000000000001, 0.2868, 0.408, 0.5700000000000001, 0.39359999999999995, 0.6484, 0.9104, 0.7076, 0.724, 0.3136000000000001, 0.9092, 0.9944, 0.08879999999999999, 0.6328, 0.25760000000000005, 0.2076, 0.9192, 0.40559999999999996, 0.054400000000000004, 0.762, 0.33919999999999995, 0.014399999999999968, 0.2604, 0.12040000000000006, 0.7744, 0.5904, 0.1976, 0.1996, 0.3788, 0.7776, 0.872, 0.7596, 0.7096, 0.5504, 0.4732, 0.5972, 0.05479999999999996, 0.006, 0.1479999999999999, 0.6284, 0.5651999999999999, 0.0371999999999999, 0.9696, 0.5244, 0.3672, 0.848, 0.21120000000000005, 0.4488, 0.8732, 0.922, 0.7056, 0.8715999999999999, 0.0020000000000000018, 0.1928, 0.512, 0.6752, 0.014, 0.8572, 0.986, 0.8468, 0.7287999999999999, 0.6863999999999999, 0.4696, 0.9299999999999999, 0.25960000000000005, 0.06679999999999997, 0.24760000000000004, 0.32919999999999994, 0.1816, 0.4192, 0.5984, 0.6328, 0.2312, 0.8432, 0.9792, 0.9204, 0.8028, 0.33000000000000007, 0.6748, 0.7784, 0.532, 0.3724, 0.4548, 0.1704, 0.98, 0.8255999999999999, 0.9256, 0.9076, 0.506, 0.3759999999999999, 0.6075999999999999, 0.2056, 0.3668, 0.10440000000000005, 0.13680000000000003, 0.1016, 0.4548, 0.7796000000000001, 0.06240000000000001, 0.3396, 0.9987999999999999, 0.304, 0.246, 0.6724, 0.6364000000000001, 0.2748, 0.0132000000000001, 0.7856, 0.0984, 0.6372, 0.5688, 0.216, 0.3028, 0.5548, 0.9228000000000001, 0.4736, 0.8944000000000001, 0.3876, 0.3792, 0.2532000000000001, 0.055600000000000094, 0.776, 0.6088, 0.1668, 0.8144, 0.9256, 0.7888, 0.10640000000000005, 0.8104, 0.3244, 0.0352, 0.35440000000000005, 0.0256, 0.7444, 0.22039999999999993, 0.3208, 0.946, 0.52, 0.834, 0.8859999999999999, 0.8512, 0.8584, 0.12, 0.3779999999999999, 0.5888, 0.394, 0.9024, 0.5548, 0.5504, 0.2056, 0.6719999999999999, 0.6816, 0.1592, 0.46920000000000006, 0.8936, 0.25960000000000005, 0.7524, 0.13480000000000003, 0.7184, 0.09240000000000004, 0.712, 0.2228, 0.9336, 0.06000000000000005, 0.4028, 0.050000000000000044, 0.3804, 0.7544, 0.19999999999999996, 0.0616, 0.3708, 0.5660000000000001, 0.1288, 0.029199999999999893, 0.8116, 0.2804, 0.0512, 0.3904, 0.6175999999999999, 0.07679999999999998, 0.7323999999999999, 0.0564, 0.1236, 0.3896, 0.11440000000000006, 0.7372000000000001, 0.6872, 0.5268, 0.2792, 0.8191999999999999, 0.5592, 0.392, 0.9392, 0.6439999999999999, 0.358, 0.646, 0.6288, 0.7072, 0.5628, 0.40559999999999996, 0.5127999999999999, 0.9324, 0.962, 0.9112, 0.6348, 0.974, 0.306, 0.8132, 0.0396, 0.962, 0.434, 0.8672, 0.9652, 0.8755999999999999, 0.2268, 0.6279999999999999, 0.22960000000000003, 0.148, 0.4084, 0.44520000000000004, 0.6128, 0.4328, 0.6304000000000001, 0.036, 0.25239999999999996, 0.021200000000000108, 0.0596000000000001, 0.76, 0.0492, 0.0988, 0.46720000000000006, 0.37759999999999994, 0.7816, 0.4872, 0.1744, 0.9004000000000001, 0.07119999999999993, 0.9132, 0.43199999999999994, 0.42680000000000007, 0.5664, 0.9696, 0.5684, 0.4583999999999999, 0.4336, 0.6108, 0.972, 0.43080000000000007, 0.8740000000000001, 0.2848, 0.29479999999999995, 0.8408, 0.2036, 0.704, 0.252, 0.1564000000000001, 0.15080000000000005, 0.9192, 0.9844, 0.16, 0.8612, 0.8404, 0.6232, 0.6276, 0.872, 0.622, 0.9912000000000001, 0.9184000000000001, 0.5247999999999999, 0.2056, 0.5604, 0.9423999999999999, 0.47439999999999993, 0.554, 0.2744, 0.4084000000000001, 0.7536, 0.2512000000000001, 0.438, 0.7564, 0.5964, 0.22720000000000007, 0.7748, 0.6812, 0.5288, 0.6056, 0.7484, 0.6412, 0.23360000000000003, 0.788, 0.7816000000000001, 0.0676000000000001, 0.8176000000000001, 0.9048, 0.5668, 0.304, 0.314, 0.3152, 0.7496, 0.2344, 0.8515999999999999, 0.2056, 0.522, 0.4748000000000001, 0.7692, 0.2696, 0.0043999999999999595, 0.12519999999999998, 0.3188, 0.38359999999999994, 0.24760000000000004, 0.21760000000000002, 0.48960000000000004, 0.36840000000000006, 0.6032, 0.6632, 0.3592, 0.3616, 0.302, 0.03960000000000008, 0.28279999999999994, 0.6988000000000001, 0.6732, 0.9172, 0.6504, 0.906, 0.7616, 0.4892, 0.23920000000000008, 0.6759999999999999, 0.8564]","[0.    0.005 0.01  0.015 0.02  0.025 0.03  0.035 0.04  0.045 0.05  0.055
 0.06  0.065 0.07  0.075 0.08  0.085 0.09  0.095 0.1   0.105 0.11  0.115
 0.12  0.125 0.13  0.135 0.14  0.145 0.15  0.155 0.16  0.165 0.17  0.175
 0.18  0.185 0.19  0.195 0.2   0.205 0.21  0.215 0.22  0.225 0.23  0.235
 0.24  0.245 0.25  0.255 0.26  0.265 0.27  0.275 0.28  0.285 0.29  0.295
 0.3   0.305 0.31  0.315 0.32  0.325 0.33  0.335 0.34  0.345 0.35  0.355
 0.36  0.365 0.37  0.375 0.38  0.385 0.39  0.395 0.4   0.405 0.41  0.415
 0.42  0.425 0.43  0.435 0.44  0.445 0.45  0.455 0.46  0.465 0.47  0.475
 0.48  0.485 0.49  0.495 0.5   0.505 0.51  0.515 0.52  0.525 0.53  0.535
 0.54  0.545 0.55  0.555 0.56  0.565 0.57  0.575 0.58  0.585 0.59  0.595
 0.6   0.605 0.61  0.615 0.62  0.625 0.63  0.635 0.64  0.645 0.65  0.655
 0.66  0.665 0.67  0.675 0.68  0.685 0.69  0.695 0.7   0.705 0.71  0.715
 0.72  0.725 0.73  0.735 0.74  0.745 0.75  0.755 0.76  0.765 0.77  0.775
 0.78  0.785 0.79  0.795 0.8   0.805 0.81  0.815 0.82  0.825 0.83  0.835
 0.84  0.845 0.85  0.855 0.86  0.865 0.87  0.875 0.88  0.885 0.89  0.895
 0.9   0.905 0.91  0.915 0.92  0.925 0.93  0.935 0.94  0.945 0.95  0.955
 0.96  0.965 0.97  0.975 0.98  0.985 0.99  0.995 1.   ]","[0.0, 0.00625, 0.00875, 0.0125, 0.015, 0.01875, 0.0275, 0.03, 0.04125, 0.04875, 0.0525, 0.06, 0.06875, 0.075, 0.08, 0.08375, 0.0875, 0.08875, 0.09125, 0.09875, 0.1025, 0.1075, 0.11375, 0.11625, 0.125, 0.13125, 0.14125, 0.1475, 0.15, 0.15, 0.1525, 0.15875, 0.16375, 0.1675, 0.17125, 0.17625, 0.18125, 0.18375, 0.18875, 0.1925, 0.19875, 0.20125, 0.21, 0.215, 0.22125, 0.23, 0.23625, 0.24, 0.245, 0.24625, 0.25375, 0.2625, 0.26625, 0.26875, 0.27375, 0.27875, 0.29125, 0.2975, 0.3, 0.3025, 0.30625, 0.31125, 0.315, 0.3225, 0.32875, 0.33875, 0.345, 0.34875, 0.3525, 0.3525, 0.355, 0.36, 0.365, 0.37125, 0.37625, 0.3825, 0.39, 0.395, 0.40125, 0.40875, 0.4125, 0.415, 0.42625, 0.42875, 0.4325, 0.43625, 0.44, 0.45125, 0.4525, 0.45375, 0.45875, 0.465, 0.46625, 0.46875, 0.475, 0.48, 0.48375, 0.48375, 0.49, 0.4925, 0.4925, 0.495, 0.50125, 0.51, 0.5125, 0.5175, 0.52625, 0.52875, 0.5325, 0.53375, 0.5375, 0.545, 0.55, 0.55375, 0.565, 0.56625, 0.57125, 0.57375, 0.57875, 0.5825, 0.58875, 0.59625, 0.6025, 0.60875, 0.6125, 0.6175, 0.62875, 0.63625, 0.64125, 0.6475, 0.6525, 0.655, 0.6575, 0.66125, 0.66125, 0.66875, 0.6725, 0.67875, 0.68625, 0.69, 0.6925, 0.69625, 0.70125, 0.70375, 0.715, 0.71875, 0.72375, 0.72625, 0.73125, 0.735, 0.74125, 0.7475, 0.75125, 0.755, 0.7575, 0.76125, 0.76625, 0.775, 0.7875, 0.7875, 0.79, 0.79625, 0.80125, 0.81, 0.8125, 0.8175, 0.8225, 0.82375, 0.83125, 0.83875, 0.8475, 0.85125, 0.86125, 0.865, 0.87, 0.88125, 0.885, 0.8875, 0.89, 0.8975, 0.8975, 0.90125, 0.90625, 0.9125, 0.92125, 0.93, 0.93875, 0.94625, 0.95, 0.9525, 0.95625, 0.9575, 0.95875, 0.96125, 0.96875, 0.975, 0.98, 0.985, 0.9875, 0.9925, 1.0]"
0,0.49646700000000005,0.085218025111,,"[0.2652, 0.2347999999999999, 0.4503999999999999, 0.1763999999999999, 0.8116, 0.14280000000000004, 0.0924, 0.5284, 0.6744000000000001, 0.2048000000000001, 0.8324, 0.8228, 0.3872, 0.9592, 0.9776, 0.3972, 0.0408, 0.43520000000000003, 0.9236, 0.4303999999999999, 0.4708, 0.9224000000000001, 0.1816, 0.5648, 0.9847999999999999, 0.4612, 0.7592000000000001, 0.5700000000000001, 0.968, 0.4368000000000001, 0.8484, 0.5172, 0.0252, 0.7588, 0.4179999999999999, 0.2372, 0.3328, 0.5731999999999999, 0.1392, 0.24760000000000004, 0.7123999999999999, 0.4676, 0.934, 0.5624, 0.6559999999999999, 0.33919999999999995, 0.2492, 0.0368, 0.8291999999999999, 0.7263999999999999, 0.01760000000000006, 0.4768, 0.0652, 0.3528, 0.4, 0.3792, 0.4976, 0.6632, 0.9612, 0.716, 0.9716, 0.7984, 0.0504, 0.5628, 0.0828, 0.6848, 0.16799999999999993, 0.3984, 0.5672, 0.033600000000000074, 0.248, 0.43920000000000003, 0.8412, 0.8919999999999999, 0.48239999999999994, 0.6516, 0.5216, 0.22439999999999993, 0.9888, 0.5808, 0.4032, 0.876, 0.9, 0.1956, 0.9683999999999999, 0.5591999999999999, 0.7056, 0.5271999999999999, 0.892, 0.1576, 0.2468, 0.6868, 0.8728, 0.3156000000000001, 0.14680000000000004, 0.8432, 0.2392, 0.83, 0.21120000000000005, 0.9372, 0.9232, 0.4788, 0.6732, 0.11359999999999992, 0.3948, 0.19599999999999995, 0.3576, 0.8592, 0.5716000000000001, 0.5768, 0.47, 0.63, 0.06840000000000002, 0.8728, 0.9132, 0.1868, 0.368, 0.4548000000000001, 0.8116000000000001, 0.46599999999999997, 0.08440000000000003, 0.2104, 0.19599999999999995, 0.1668, 0.8516, 0.796, 0.3979999999999999, 0.7948, 0.21639999999999993, 0.9403999999999999, 0.0696, 0.95, 0.7384, 0.866, 0.8964, 0.996, 0.2324, 0.7016, 0.7908, 0.2812, 0.45199999999999996, 0.6968000000000001, 0.3051999999999999, 0.26560000000000006, 0.948, 0.9019999999999999, 0.6659999999999999, 0.0372, 0.08679999999999999, 0.3515999999999999, 0.2831999999999999, 0.5824, 0.08079999999999998, 0.426, 0.0136, 0.872, 0.0351999999999999, 0.14559999999999995, 0.5531999999999999, 0.31279999999999997, 0.7956000000000001, 0.2312, 0.4356, 0.892, 0.2724, 0.5311999999999999, 0.998, 0.6644, 0.9004, 0.3856, 0.5868, 0.9912, 0.39359999999999995, 0.06240000000000001, 0.2156, 0.7692000000000001, 0.7547999999999999, 0.3308, 0.8956, 0.3232, 0.8544, 0.996, 0.034399999999999986, 0.5204, 0.5948, 0.9019999999999999, 0.0096, 0.8744, 0.9448, 0.17359999999999998, 0.044, 0.9904, 0.8036, 0.4616, 0.4728, 0.4636, 0.848, 0.0132, 0.0788, 0.8068, 0.1120000000000001, 0.5736, 0.4927999999999999, 0.3640000000000001, 0.3324, 0.9112, 0.3495999999999999, 0.10759999999999992, 0.4044000000000001, 0.6672, 0.14759999999999995, 0.0764, 0.038, 0.3844, 0.055199999999999916, 0.4503999999999999, 0.082, 0.7984, 0.4724, 0.8944000000000001, 0.4184, 0.81, 0.9412, 0.0324, 0.2768, 0.8211999999999999, 0.8492, 0.8208, 0.6264, 0.07119999999999993, 0.5544, 0.84, 0.15159999999999996, 0.0524, 0.2964, 0.8212, 0.48039999999999994, 0.7456, 0.6108, 0.9496, 0.274, 0.9104000000000001, 0.3004, 0.6200000000000001, 0.22439999999999993, 0.1048, 0.572, 0.4924, 0.0008, 0.4796, 0.0895999999999999, 0.9728000000000001, 0.6764, 0.0964, 0.5268, 0.09040000000000004, 0.7392, 0.4904, 0.506, 0.598, 0.6868, 0.9616, 0.48639999999999994, 0.6876, 0.2344, 0.6772, 0.17680000000000007, 0.5504, 0.1316, 0.9876, 0.4756, 0.14759999999999995, 0.6132, 0.8148, 0.0188, 0.3568, 0.0144, 0.3972, 0.132, 0.19599999999999995, 0.4788, 0.4796, 0.9532, 0.22039999999999993, 0.42399999999999993, 0.49760000000000004, 0.4056, 0.406, 0.09640000000000004, 0.8808, 0.0624, 0.9936, 0.9304, 0.6335999999999999, 0.9783999999999999, 0.8560000000000001, 0.5608, 0.5304, 0.3648, 0.1408, 0.5251999999999999, 0.9224, 0.3096, 0.224, 0.3440000000000001, 0.5448, 0.7612000000000001, 0.6823999999999999, 0.1943999999999999, 0.04519999999999991, 0.033600000000000074, 0.3144, 0.1132, 0.8524, 0.738, 0.6379999999999999, 0.4676, 0.6644000000000001, 0.512, 0.4124, 0.8052, 0.39559999999999995, 0.9944, 0.47, 0.6035999999999999, 0.9796, 0.5748, 0.3068, 0.7472, 0.7524, 0.8220000000000001, 0.338, 0.8876, 0.5812, 0.2116, 0.3332, 0.5424, 0.998, 0.4244, 0.8156000000000001, 0.7952, 0.09959999999999991, 0.1524, 0.1236, 0.20839999999999992, 0.7951999999999999, 0.9483999999999999, 0.4228, 0.3952, 0.1456, 0.16599999999999993, 0.406, 0.4588, 0.6592, 0.8744, 0.8876, 0.17359999999999998, 0.2684, 0.0732, 0.6196, 0.5660000000000001, 0.7616, 0.5912, 0.3876, 0.7196, 0.9696, 0.42999999999999994, 0.18720000000000003, 0.28200000000000003, 0.3528, 0.5012, 0.16080000000000005, 0.7896, 0.8692, 0.4328000000000001, 0.49960000000000004, 0.6672, 0.9876, 0.005600000000000049, 0.924, 0.2248000000000001, 0.4968, 0.8624, 0.3668, 0.696, 0.1976, 0.1359999999999999, 0.6116, 0.6552, 0.22399999999999998, 0.6275999999999999, 0.7196, 0.9484, 0.032, 0.4328000000000001, 0.356, 0.09600000000000009, 0.5524, 0.2396, 0.6348, 0.8, 0.37959999999999994, 0.3792, 0.5411999999999999, 0.6376, 0.6559999999999999, 0.07200000000000006, 0.32719999999999994, 0.9172, 0.2968, 0.8044, 0.0924, 0.8484, 0.6516, 0.822, 0.508, 0.1080000000000001, 0.948, 0.8804, 0.8660000000000001, 0.1516, 0.5352, 0.5412, 0.034, 0.7724, 0.5148, 0.49160000000000004, 0.9279999999999999, 0.2604, 0.1324, 0.0112, 0.3556, 0.46520000000000006, 0.8768, 0.8532, 0.1604, 0.666, 0.8028, 0.2768, 0.5736, 0.2884, 0.8724, 0.2367999999999999, 0.87, 0.5116, 0.4716, 0.9032, 0.1964, 0.44320000000000004, 0.6892, 0.12559999999999993, 0.7224, 0.0007999999999999119, 0.24160000000000004, 0.7404, 0.826, 0.7336, 0.5908, 0.6252, 0.6756, 0.3964, 0.804, 0.7287999999999999, 0.2728, 0.7112, 0.8408, 0.2796, 0.068, 0.114, 0.8435999999999999, 0.5716000000000001, 0.27879999999999994, 0.9039999999999999, 0.20799999999999996, 0.4776, 0.718, 0.454, 0.6172, 0.7068000000000001, 0.244, 0.38, 0.9208000000000001, 0.084, 0.512, 0.4708000000000001, 0.5815999999999999, 0.1923999999999999, 0.05679999999999996, 0.8716, 0.3528, 0.3672, 0.9099999999999999, 0.3712, 0.8644, 0.9176, 0.0636, 0.8044, 0.9728000000000001, 0.8184, 0.2308, 0.44520000000000004, 0.4408, 0.5711999999999999, 0.2156, 0.982, 0.3316, 0.8156, 0.3048, 0.6548, 0.5112000000000001, 0.298, 0.15, 0.5156, 0.9892, 0.832, 0.118, 0.7148000000000001, 0.2208, 0.0064, 0.5704, 0.7352000000000001, 0.8728, 0.0020000000000000018, 0.25039999999999996, 0.3092, 0.8648, 0.8648, 0.0824, 0.3808, 0.8615999999999999, 0.2788, 0.1304, 0.6736, 0.512, 0.2367999999999999, 0.6876, 0.9412, 0.7572000000000001, 0.3236000000000001, 0.4316, 0.28879999999999995, 0.3776, 0.42799999999999994, 0.7952, 0.7176, 0.3968, 0.8328, 0.9984, 0.23639999999999994, 0.8779999999999999, 0.72, 0.23720000000000008, 0.842, 0.5096, 0.0776, 0.27960000000000007, 0.8948, 0.7184, 0.2828, 0.756, 0.0504, 0.6164, 0.40759999999999996, 0.7076, 0.41, 0.3336, 0.8604, 0.5247999999999999, 0.8064, 0.4388, 0.2416, 0.7864, 0.11480000000000001, 0.442, 0.4336, 0.078, 0.8684, 0.488, 0.9196, 0.3264, 0.9932, 0.1124, 0.13680000000000003, 0.12280000000000002, 0.4932, 0.4436, 0.5596, 0.342, 0.5808, 0.9984, 0.3524, 0.1316, 0.8064, 0.6200000000000001, 0.4303999999999999, 0.5815999999999999, 0.5524, 0.8620000000000001, 0.2264, 0.5548, 0.5316000000000001, 0.9543999999999999, 0.22799999999999998, 0.4992000000000001, 0.2024, 0.6115999999999999, 0.0048, 0.504, 0.1392, 0.2096, 0.5900000000000001, 0.8076000000000001, 0.11440000000000006, 0.2508, 0.3764, 0.042, 0.8288, 0.3924000000000001, 0.9476, 0.47, 0.678, 0.2132, 0.1392, 0.784, 0.4443999999999999, 0.6, 0.2784, 0.7572, 0.718, 0.7972, 0.39759999999999995, 0.3515999999999999, 0.12359999999999993, 0.086, 0.8756, 0.30200000000000005, 0.7836, 0.4884, 0.7212, 0.36440000000000006, 0.2956, 0.5236000000000001, 0.8268, 0.8151999999999999, 0.188, 0.4572, 0.9436, 0.9643999999999999, 0.31079999999999997, 0.6572, 0.19120000000000004, 0.0344, 0.7608, 0.4188, 0.7832, 0.6444, 0.7372000000000001, 0.044399999999999995, 0.7568, 0.6152, 0.6728, 0.4927999999999999, 0.5436, 0.4184, 0.0351999999999999, 0.2544, 0.13159999999999994, 0.1732, 0.1, 0.7416, 0.5912, 0.2692, 0.6140000000000001, 0.37559999999999993, 0.3171999999999999, 0.7092, 0.3759999999999999, 0.38, 0.048, 0.9128000000000001, 0.011200000000000099, 0.3208, 0.592, 0.7588, 0.7512000000000001, 0.7352, 0.8200000000000001, 0.4688, 0.2828, 0.2396, 0.3056000000000001, 0.0536, 0.3656, 0.0376, 0.06319999999999992, 0.6943999999999999, 0.7972, 0.5404, 0.0012, 0.4948, 0.8116000000000001, 0.010000000000000009, 0.8276, 0.9388000000000001, 0.17320000000000002, 0.1068, 0.5824, 0.8312, 0.3728, 0.0996, 0.4548, 0.9668000000000001, 0.7036, 0.36840000000000006, 0.07040000000000002, 0.8892, 0.4496, 0.3732, 0.634, 0.15159999999999996, 0.7811999999999999, 0.31479999999999997, 0.13640000000000008, 0.6716, 0.7512000000000001, 0.6284, 0.9632, 0.5207999999999999, 0.3395999999999999, 0.39680000000000004, 0.962, 0.468, 0.9852000000000001, 0.8111999999999999, 0.5224, 0.07, 0.8648, 0.12519999999999998, 0.5800000000000001, 0.8068, 0.3456, 0.7616, 0.2032, 0.5336000000000001, 0.2912, 0.5648, 0.0936, 0.19799999999999995, 0.0052, 0.6148, 0.014, 0.3468, 0.2771999999999999, 0.0236, 0.38359999999999994, 0.4072, 0.0684, 0.04760000000000009, 0.932, 0.8488, 0.0132, 0.19280000000000008, 0.9176, 0.5332, 0.4932, 0.4264, 0.2648, 0.482, 0.8072, 0.07360000000000011, 0.2428, 0.9528, 0.6068, 0.4856, 0.9196, 0.9443999999999999, 0.4656, 0.04679999999999995, 0.49960000000000004, 0.8291999999999999, 0.81, 0.08000000000000007, 0.1688, 0.2467999999999999, 0.8268, 0.4988, 0.9787999999999999, 0.15480000000000005, 0.0296, 0.47, 0.08319999999999994, 0.3956, 0.28079999999999994, 0.3335999999999999, 0.2224, 0.08400000000000007, 0.0916, 0.2104, 0.0016, 0.9832000000000001]","[0.    0.005 0.01  0.015 0.02  0.025 0.03  0.035 0.04  0.045 0.05  0.055
 0.06  0.065 0.07  0.075 0.08  0.085 0.09  0.095 0.1   0.105 0.11  0.115
 0.12  0.125 0.13  0.135 0.14  0.145 0.15  0.155 0.16  0.165 0.17  0.175
 0.18  0.185 0.19  0.195 0.2   0.205 0.21  0.215 0.22  0.225 0.23  0.235
 0.24  0.245 0.25  0.255 0.26  0.265 0.27  0.275 0.28  0.285 0.29  0.295
 0.3   0.305 0.31  0.315 0.32  0.325 0.33  0.335 0.34  0.345 0.35  0.355
 0.36  0.365 0.37  0.375 0.38  0.385 0.39  0.395 0.4   0.405 0.41  0.415
 0.42  0.425 0.43  0.435 0.44  0.445 0.45  0.455 0.46  0.465 0.47  0.475
 0.48  0.485 0.49  0.495 0.5   0.505 0.51  0.515 0.52  0.525 0.53  0.535
 0.54  0.545 0.55  0.555 0.56  0.565 0.57  0.575 0.58  0.585 0.59  0.595
 0.6   0.605 0.61  0.615 0.62  0.625 0.63  0.635 0.64  0.645 0.65  0.655
 0.66  0.665 0.67  0.675 0.68  0.685 0.69  0.695 0.7   0.705 0.71  0.715
 0.72  0.725 0.73  0.735 0.74  0.745 0.75  0.755 0.76  0.765 0.77  0.775
 0.78  0.785 0.79  0.795 0.8   0.805 0.81  0.815 0.82  0.825 0.83  0.835
 0.84  0.845 0.85  0.855 0.86  0.865 0.87  0.875 0.88  0.885 0.89  0.895
 0.9   0.905 0.91  0.915 0.92  0.925 0.93  0.935 0.94  0.945 0.95  0.955
 0.96  0.965 0.97  0.975 0.98  0.985 0.99  0.995 1.   ]","[0.0, 0.0075, 0.0125, 0.0225, 0.025, 0.02625, 0.02875, 0.0375, 0.045, 0.05, 0.055, 0.06, 0.0625, 0.0675, 0.075, 0.08125, 0.08625, 0.0975, 0.10125, 0.1075, 0.115, 0.11625, 0.12, 0.12875, 0.13, 0.13375, 0.13625, 0.14375, 0.15125, 0.15375, 0.16125, 0.1675, 0.16875, 0.17125, 0.17625, 0.18125, 0.18375, 0.185, 0.18875, 0.19375, 0.2025, 0.20625, 0.21, 0.21625, 0.22, 0.23, 0.2325, 0.23875, 0.24875, 0.25375, 0.26, 0.26375, 0.26375, 0.26625, 0.27125, 0.275, 0.285, 0.2925, 0.295, 0.29625, 0.30125, 0.305, 0.31125, 0.31625, 0.31875, 0.3225, 0.325, 0.33375, 0.3375, 0.34, 0.34375, 0.35125, 0.35625, 0.36, 0.36625, 0.37, 0.38125, 0.385, 0.38875, 0.3925, 0.4075, 0.41, 0.4175, 0.41875, 0.42375, 0.4275, 0.4325, 0.44, 0.44625, 0.4525, 0.455, 0.4625, 0.465, 0.46875, 0.4825, 0.48875, 0.4975, 0.50125, 0.50625, 0.51625, 0.525, 0.5275, 0.53125, 0.53875, 0.54125, 0.54875, 0.55375, 0.56, 0.56125, 0.56875, 0.56875, 0.57625, 0.57875, 0.585, 0.58875, 0.6, 0.60125, 0.61125, 0.6125, 0.62, 0.6225, 0.62375, 0.625, 0.6325, 0.6375, 0.64, 0.64625, 0.65, 0.6525, 0.65375, 0.65375, 0.6575, 0.66375, 0.6675, 0.6725, 0.67875, 0.68375, 0.68625, 0.6925, 0.69375, 0.69625, 0.69875, 0.70375, 0.7075, 0.7175, 0.72, 0.7225, 0.72375, 0.73125, 0.73375, 0.73625, 0.74125, 0.75, 0.755, 0.75625, 0.7575, 0.7575, 0.7625, 0.765, 0.7675, 0.78, 0.78625, 0.7975, 0.80375, 0.81, 0.8175, 0.8275, 0.8325, 0.83375, 0.84, 0.84625, 0.85125, 0.85375, 0.86375, 0.87, 0.88, 0.885, 0.8875, 0.89125, 0.8975, 0.90125, 0.9075, 0.90875, 0.91375, 0.92, 0.9275, 0.92875, 0.9325, 0.935, 0.9425, 0.95125, 0.955, 0.95625, 0.9625, 0.9675, 0.97125, 0.97625, 0.98, 0.98625, 0.9925, 1.0]"
0,0.506016,0.08534254694400001,,"[0.9284, 0.778, 0.8608, 0.7192000000000001, 0.726, 0.0844, 0.8535999999999999, 0.0148, 0.4736, 0.4276, 0.1439999999999999, 0.6988000000000001, 0.0192, 0.22999999999999998, 0.4708000000000001, 0.8475999999999999, 0.7968, 0.89, 0.4396, 0.4312, 0.4228, 0.8544, 0.702, 0.4912000000000001, 0.1012, 0.7072, 0.2428, 0.7856000000000001, 0.5816, 0.6892, 0.9592, 0.8888, 0.6000000000000001, 0.5955999999999999, 0.08079999999999998, 0.9876, 0.26, 0.3456, 0.4256, 0.0835999999999999, 0.1396, 0.9184000000000001, 0.4372, 0.5636, 0.9124000000000001, 0.6384000000000001, 0.2592, 0.9292, 0.14680000000000004, 0.12519999999999998, 0.25160000000000005, 0.021600000000000064, 0.48839999999999995, 0.5536, 0.6839999999999999, 0.3348, 0.28879999999999995, 0.6232, 0.03200000000000003, 0.1088, 0.7256, 0.2108000000000001, 0.4184000000000001, 0.3284, 0.598, 0.7807999999999999, 0.7516, 0.822, 0.3724, 0.9364, 0.8028, 0.812, 0.3888, 0.5016, 0.282, 0.1116, 0.948, 0.828, 0.852, 0.3204, 0.8091999999999999, 0.654, 0.882, 0.22199999999999998, 0.9096, 0.1656, 0.9708000000000001, 0.16880000000000006, 0.8624, 0.6636, 0.7424, 0.8908, 0.8792, 0.6348, 0.8271999999999999, 0.3196, 0.06800000000000006, 0.9156, 0.5831999999999999, 0.1772, 0.7136, 0.7183999999999999, 0.1068, 0.5640000000000001, 0.8432, 0.602, 0.6923999999999999, 0.3968, 0.08240000000000003, 0.2348, 0.42080000000000006, 0.5104, 0.2208, 0.2924, 0.658, 0.3012, 0.4608, 0.4343999999999999, 0.7748, 0.3564, 0.20920000000000005, 0.738, 0.1376, 0.8144, 0.3708, 0.43599999999999994, 0.9632, 0.7032, 0.612, 0.5811999999999999, 0.3692, 0.8048, 0.864, 0.8036, 0.768, 0.558, 0.112, 0.0628, 0.7764, 0.2607999999999999, 0.0484, 0.702, 0.3480000000000001, 0.7727999999999999, 0.1412, 0.1084, 0.8912, 0.22799999999999998, 0.052000000000000046, 0.2632000000000001, 0.1348, 0.41880000000000006, 0.8795999999999999, 0.11840000000000006, 0.4776, 0.9172, 0.7608, 0.3435999999999999, 0.1524, 0.1168, 0.6064, 0.3320000000000001, 0.07679999999999998, 0.646, 0.3188, 0.3632, 0.3792, 0.632, 0.5815999999999999, 0.9643999999999999, 0.16799999999999993, 0.7492, 0.6732, 0.7712000000000001, 0.6412, 0.7143999999999999, 0.8748, 0.9276, 0.8892, 0.2652, 0.35440000000000005, 0.014799999999999924, 0.7788, 0.6704000000000001, 0.5396, 0.3952, 0.94, 0.936, 0.906, 0.21999999999999997, 0.76, 0.03839999999999999, 0.6120000000000001, 0.0268, 0.02079999999999993, 0.274, 0.5264, 0.5871999999999999, 0.7968, 0.1604, 0.6232, 0.02719999999999989, 0.8828, 0.8976, 0.8144, 0.2003999999999999, 0.4408, 0.9279999999999999, 0.3584, 0.0064, 0.12759999999999994, 0.2824, 0.7652000000000001, 0.9259999999999999, 0.0472, 0.7787999999999999, 0.3336, 0.8779999999999999, 0.1768, 0.40159999999999996, 0.5744, 0.7896, 0.6408, 0.5028, 0.7628, 0.8388, 0.0932, 0.44199999999999995, 0.0308, 0.16480000000000006, 0.7387999999999999, 0.8812, 0.778, 0.7664, 0.18799999999999994, 0.1068, 0.5584, 0.3836, 0.5851999999999999, 0.8808, 0.7844, 0.8912, 0.788, 0.17, 0.6304, 0.8916, 0.5227999999999999, 0.374, 0.9052, 0.4376, 0.5516, 0.2072, 0.10119999999999996, 0.5008, 0.8768, 0.0436, 0.7824, 0.946, 0.008, 0.0472, 0.8156000000000001, 0.882, 0.2324, 0.5032, 0.3508, 0.3268, 0.3696, 0.7323999999999999, 0.5551999999999999, 0.7692000000000001, 0.4348000000000001, 0.1472, 0.5568, 0.9276, 0.8308, 0.7084, 0.6796, 0.7728, 0.38280000000000003, 0.1532, 0.11719999999999997, 0.7267999999999999, 0.5928, 0.438, 0.2104, 0.5251999999999999, 0.4172, 0.3515999999999999, 0.02200000000000002, 0.6716, 0.9732000000000001, 0.3839999999999999, 0.846, 0.4068, 0.1704000000000001, 0.6172, 0.5704, 0.7432000000000001, 0.6292, 0.5652, 0.7072, 0.3732, 0.34719999999999995, 0.1836, 0.9783999999999999, 0.4104000000000001, 0.3839999999999999, 0.16999999999999993, 0.9736, 0.1736, 0.11759999999999993, 0.048, 0.5588, 0.3528, 0.8212, 0.38680000000000003, 0.3368, 0.2876000000000001, 0.7596, 0.5716000000000001, 0.628, 0.716, 0.1684000000000001, 0.0832, 0.1008, 0.5388, 0.6124, 0.3208, 0.6124, 0.2564, 0.0968, 0.03639999999999999, 0.7512000000000001, 0.4019999999999999, 0.007600000000000051, 0.1036, 0.9432, 0.1236, 0.3908, 0.8712, 0.043199999999999905, 0.32800000000000007, 0.15359999999999996, 0.8312, 0.9232, 0.5016, 0.0624, 0.2452, 0.7556, 0.9852, 0.076, 0.36640000000000006, 0.4328000000000001, 0.7832, 0.08040000000000003, 0.2768, 0.6704, 0.9068, 0.7647999999999999, 0.492, 0.6252, 0.09800000000000009, 0.64, 0.5944, 0.9767999999999999, 0.8912, 0.4496, 0.5036, 0.5835999999999999, 0.4008, 0.6172, 0.3852, 0.2724, 0.0668, 0.8824, 0.8828, 0.6180000000000001, 0.8032, 0.7704, 0.1428, 0.398, 0.6020000000000001, 0.9752, 0.546, 0.5536, 0.9612, 0.718, 0.512, 0.3276, 0.8596, 0.9596, 0.418, 0.9112, 0.5716000000000001, 0.8652, 0.3144, 0.4616, 0.7568, 0.7272000000000001, 0.6100000000000001, 0.8984000000000001, 0.3488, 0.1996, 0.4664, 0.4663999999999999, 0.5704, 0.4636, 0.9987999999999999, 0.584, 0.5012000000000001, 0.4572, 0.45599999999999996, 0.5048, 0.2028000000000001, 0.7052, 0.4384, 0.3152, 0.4284, 0.8675999999999999, 0.4216, 0.4092, 0.778, 0.21639999999999993, 0.8648, 0.8892, 0.8492, 0.7372000000000001, 0.0324, 0.9732000000000001, 0.6792, 0.9132, 0.21760000000000002, 0.4992000000000001, 0.8828, 0.5944, 0.2724, 0.4476, 0.2796, 0.902, 0.2948, 0.9124, 0.18399999999999994, 0.05919999999999992, 0.4748, 0.5268, 0.6863999999999999, 0.9323999999999999, 0.9119999999999999, 0.3476, 0.3136000000000001, 0.7076, 0.7827999999999999, 0.5388, 0.08079999999999998, 0.1828, 0.8560000000000001, 0.524, 0.24239999999999995, 0.86, 0.2996000000000001, 0.0992, 0.2196, 0.3776, 0.4643999999999999, 0.5975999999999999, 0.6636, 0.4464, 0.9352, 0.01, 0.9996, 0.574, 0.8335999999999999, 0.5604, 0.48960000000000004, 0.8328, 0.2192, 0.508, 0.776, 0.3836, 0.39, 0.6152, 0.1896, 0.6943999999999999, 0.2328, 0.7936000000000001, 0.9723999999999999, 0.9084, 0.8364, 0.9056, 0.5684, 0.156, 0.24560000000000004, 0.866, 0.51, 0.876, 0.9624, 0.4363999999999999, 0.8072, 0.04679999999999995, 0.0912, 0.04239999999999999, 0.2008, 0.5472, 0.7524, 0.266, 0.3304, 0.1628, 0.5616, 0.9259999999999999, 0.7824, 0.8752, 0.7636, 0.4588, 0.5824, 0.4283999999999999, 0.1644000000000001, 0.0456, 0.232, 0.9072, 0.10200000000000009, 0.34919999999999995, 0.0256, 0.8456, 0.9884, 0.8672, 0.4104, 0.8244, 0.5856, 0.9772, 0.010399999999999965, 0.7356, 0.99, 0.6319999999999999, 0.3256, 0.202, 0.256, 0.8484, 0.9552, 0.5940000000000001, 0.9088, 0.3948, 0.8896, 0.88, 0.574, 0.8828, 0.8432, 0.7388, 0.1948, 0.8848, 0.15559999999999996, 0.2484, 0.6204000000000001, 0.8084, 0.1416, 0.522, 0.6539999999999999, 0.416, 0.9556, 0.7, 0.1752, 0.8136, 0.5236, 0.2064, 0.5596, 0.1996, 0.4716, 0.014000000000000012, 0.2536, 0.6552, 0.3284, 0.8492, 0.8131999999999999, 0.1168, 0.4484, 0.3156, 0.9323999999999999, 0.0676000000000001, 0.9496, 0.7988, 0.2408, 0.8764000000000001, 0.496, 0.5424, 0.008399999999999963, 0.7736000000000001, 0.1479999999999999, 0.9916, 0.3432, 0.7272000000000001, 0.6636, 0.6756, 0.8664000000000001, 0.31400000000000006, 0.5704, 0.8864000000000001, 0.038000000000000034, 0.6240000000000001, 0.2576, 0.94, 0.7048000000000001, 0.3788, 0.7744, 0.9423999999999999, 0.3016000000000001, 0.4188, 0.11640000000000006, 0.44720000000000004, 0.9283999999999999, 0.8615999999999999, 0.4092, 0.256, 0.07879999999999998, 0.019200000000000106, 0.314, 0.42999999999999994, 0.078, 0.6156, 0.6484, 0.22839999999999994, 0.0836, 0.5716000000000001, 0.2196, 0.6619999999999999, 0.35240000000000005, 0.18399999999999994, 0.3720000000000001, 0.07319999999999993, 0.0428, 0.6956, 0.252, 0.9744, 0.23360000000000003, 0.6104, 0.38680000000000003, 0.23960000000000004, 0.034399999999999986, 0.030000000000000027, 0.2904, 0.8744, 0.6244000000000001, 0.5516, 0.055600000000000094, 0.9364, 0.23160000000000003, 0.7936000000000001, 0.6172, 0.20439999999999992, 0.2427999999999999, 0.3408, 0.6108, 0.30400000000000005, 1.0, 0.2076, 0.9752000000000001, 0.712, 0.39559999999999995, 0.3031999999999999, 0.8300000000000001, 0.54, 0.23239999999999994, 0.9056, 0.8024, 0.71, 0.02639999999999998, 0.964, 0.7936000000000001, 0.5304, 0.8608, 0.086, 0.37759999999999994, 0.10200000000000009, 0.6419999999999999, 0.33919999999999995, 0.030000000000000027, 0.35, 0.34, 0.37440000000000007, 0.146, 0.5488, 0.994, 0.9608000000000001, 0.1644, 0.1692, 0.2936, 0.502, 0.5855999999999999, 0.6604000000000001, 0.5684, 0.3088, 0.8008, 0.3335999999999999, 0.08400000000000007, 0.8564, 0.6328, 0.1704000000000001, 0.0252, 0.854, 0.4416, 0.1568, 0.418, 0.9468, 0.6552, 0.9164, 0.6388, 0.23239999999999994, 0.018, 0.33519999999999994, 0.946, 0.32600000000000007, 0.07079999999999997, 0.024, 0.0304, 0.5544, 0.15880000000000005, 0.5207999999999999, 0.146, 0.033600000000000074, 0.118, 0.28279999999999994, 0.3984000000000001, 0.6888000000000001, 0.4528000000000001, 0.5348, 0.6384000000000001, 0.1992, 0.9656, 0.40159999999999996, 0.5468, 0.008, 0.8588, 0.5568, 0.1688, 0.5640000000000001, 0.6604000000000001, 0.21439999999999992, 0.11240000000000006, 0.6404, 0.9072, 0.1068, 0.08040000000000003, 0.3124, 0.3876, 0.8156000000000001, 0.054, 0.9056, 0.8475999999999999, 0.3736, 0.886, 0.0572, 0.10319999999999996, 0.058, 0.9512, 0.0376, 0.7587999999999999, 0.0128, 0.8508, 0.65, 0.4436, 0.112, 0.5368, 0.15080000000000005, 0.1568, 0.26639999999999997, 0.404, 0.6859999999999999, 0.1516, 0.7616, 0.52, 0.992, 0.3176, 0.7567999999999999, 0.5212000000000001, 0.08879999999999999, 0.834, 0.45120000000000005, 0.0948, 0.7252, 0.2552000000000001, 0.418, 0.042, 0.5372, 0.3919999999999999, 0.4012, 0.6604, 0.2647999999999999, 0.7756, 0.9992, 0.7668, 0.47439999999999993, 0.1399999999999999, 0.4936, 0.5096, 0.7392, 0.4104000000000001, 0.5072, 0.3208, 0.19320000000000004, 0.8916, 0.30079999999999996, 0.5016]","[0.    0.005 0.01  0.015 0.02  0.025 0.03  0.035 0.04  0.045 0.05  0.055
 0.06  0.065 0.07  0.075 0.08  0.085 0.09  0.095 0.1   0.105 0.11  0.115
 0.12  0.125 0.13  0.135 0.14  0.145 0.15  0.155 0.16  0.165 0.17  0.175
 0.18  0.185 0.19  0.195 0.2   0.205 0.21  0.215 0.22  0.225 0.23  0.235
 0.24  0.245 0.25  0.255 0.26  0.265 0.27  0.275 0.28  0.285 0.29  0.295
 0.3   0.305 0.31  0.315 0.32  0.325 0.33  0.335 0.34  0.345 0.35  0.355
 0.36  0.365 0.37  0.375 0.38  0.385 0.39  0.395 0.4   0.405 0.41  0.415
 0.42  0.425 0.43  0.435 0.44  0.445 0.45  0.455 0.46  0.465 0.47  0.475
 0.48  0.485 0.49  0.495 0.5   0.505 0.51  0.515 0.52  0.525 0.53  0.535
 0.54  0.545 0.55  0.555 0.56  0.565 0.57  0.575 0.58  0.585 0.59  0.595
 0.6   0.605 0.61  0.615 0.62  0.625 0.63  0.635 0.64  0.645 0.65  0.655
 0.66  0.665 0.67  0.675 0.68  0.685 0.69  0.695 0.7   0.705 0.71  0.715
 0.72  0.725 0.73  0.735 0.74  0.745 0.75  0.755 0.76  0.765 0.77  0.775
 0.78  0.785 0.79  0.795 0.8   0.805 0.81  0.815 0.82  0.825 0.83  0.835
 0.84  0.845 0.85  0.855 0.86  0.865 0.87  0.875 0.88  0.885 0.89  0.895
 0.9   0.905 0.91  0.915 0.92  0.925 0.93  0.935 0.94  0.945 0.95  0.955
 0.96  0.965 0.97  0.975 0.98  0.985 0.99  0.995 1.   ]","[0.0, 0.0, 0.0075, 0.01375, 0.0175, 0.0225, 0.02875, 0.03875, 0.04375, 0.05, 0.0575, 0.06, 0.065, 0.0675, 0.07125, 0.07375, 0.07875, 0.09125, 0.09375, 0.0975, 0.10125, 0.11, 0.11625, 0.12125, 0.13, 0.13125, 0.13375, 0.135, 0.13875, 0.14375, 0.15, 0.15625, 0.1625, 0.16875, 0.17875, 0.1825, 0.18625, 0.19125, 0.19375, 0.19625, 0.2, 0.20625, 0.21125, 0.215, 0.2225, 0.225, 0.22875, 0.23875, 0.24, 0.245, 0.24875, 0.2525, 0.26125, 0.265, 0.26875, 0.2725, 0.275, 0.27875, 0.28125, 0.28625, 0.2875, 0.29375, 0.295, 0.30125, 0.3075, 0.31125, 0.32, 0.32625, 0.33125, 0.335, 0.34375, 0.35, 0.3525, 0.35375, 0.3575, 0.36625, 0.37125, 0.3775, 0.385, 0.38875, 0.395, 0.4025, 0.40625, 0.41, 0.42, 0.42375, 0.43, 0.435, 0.44375, 0.44875, 0.455, 0.4575, 0.46125, 0.46625, 0.46875, 0.475, 0.47625, 0.47625, 0.47875, 0.4825, 0.485, 0.4975, 0.5025, 0.505, 0.50625, 0.51375, 0.5175, 0.52, 0.5275, 0.52875, 0.53375, 0.54, 0.54875, 0.555, 0.55875, 0.57, 0.57, 0.57875, 0.58375, 0.58875, 0.5925, 0.59625, 0.5975, 0.60625, 0.61375, 0.62, 0.62375, 0.63, 0.635, 0.64, 0.64375, 0.64625, 0.65, 0.65875, 0.65875, 0.66375, 0.6675, 0.66875, 0.67375, 0.67625, 0.68, 0.685, 0.6925, 0.69625, 0.70125, 0.70125, 0.70875, 0.71, 0.7175, 0.72, 0.72125, 0.725, 0.7325, 0.73875, 0.745, 0.75375, 0.76375, 0.77125, 0.775, 0.77875, 0.7825, 0.79, 0.79375, 0.8, 0.8025, 0.80625, 0.81, 0.81625, 0.81875, 0.82125, 0.83, 0.83625, 0.8425, 0.85, 0.85625, 0.86, 0.87, 0.8825, 0.89125, 0.89875, 0.90125, 0.9025, 0.91625, 0.9225, 0.9275, 0.92875, 0.93875, 0.94125, 0.94875, 0.95125, 0.9575, 0.95875, 0.96375, 0.97125, 0.9725, 0.98, 0.98625, 0.98625, 0.99125, 0.995, 1.0]"
0,0.4809435000000001,0.08024041200775,,"[0.5940000000000001, 0.706, 0.978, 0.0936, 0.5772, 0.6632, 0.8320000000000001, 0.5995999999999999, 0.9036, 0.3064, 0.6724, 0.1448, 0.37359999999999993, 0.9548000000000001, 0.4156, 0.6396, 0.8632, 0.798, 0.8412, 0.2784, 0.5816, 0.2592000000000001, 0.3548, 0.612, 0.38559999999999994, 0.89, 0.954, 0.1752, 0.8640000000000001, 0.2168, 0.5456, 0.958, 0.862, 0.15680000000000005, 0.678, 0.4604, 0.3268, 0.7767999999999999, 0.03479999999999994, 0.048799999999999955, 0.1332, 0.9008, 0.552, 0.8168, 0.7644, 0.9283999999999999, 0.26560000000000006, 0.1784, 0.268, 0.4828, 0.9319999999999999, 0.042, 0.8460000000000001, 0.3972, 0.6668000000000001, 0.1288, 0.7043999999999999, 0.7447999999999999, 0.4508000000000001, 0.6124, 0.5052000000000001, 0.282, 0.1468, 0.8704000000000001, 0.27079999999999993, 0.014, 0.5760000000000001, 0.7648, 0.3292, 0.5511999999999999, 0.4968, 0.3011999999999999, 0.7392, 0.722, 0.7796, 0.522, 0.9604, 0.9188, 0.1296, 0.5456, 0.818, 0.1464, 0.02839999999999998, 0.112, 0.7476, 0.22720000000000007, 0.28800000000000003, 0.2064, 0.2532, 0.4987999999999999, 0.996, 0.8748, 0.3208, 0.698, 0.23160000000000003, 0.38759999999999994, 0.07200000000000006, 0.2744, 0.9868, 0.838, 0.026000000000000023, 0.6936, 0.1624, 0.37359999999999993, 0.8395999999999999, 0.4116, 0.4204000000000001, 0.7976, 0.5831999999999999, 0.1252, 0.286, 0.8884000000000001, 0.294, 0.02, 0.034399999999999986, 0.1056, 0.2896000000000001, 0.5327999999999999, 0.14440000000000008, 0.7512000000000001, 0.16759999999999997, 0.0388, 0.614, 0.472, 0.9924, 0.31000000000000005, 0.03600000000000003, 0.1256, 0.6275999999999999, 0.944, 0.5972, 0.1923999999999999, 0.40559999999999996, 0.7036, 0.714, 0.8835999999999999, 0.9172, 0.29679999999999995, 0.5784, 0.5696, 0.9244, 0.236, 0.3752, 0.7656000000000001, 0.4872, 0.4452, 0.6576, 0.20399999999999996, 0.06879999999999997, 0.3696, 0.516, 0.8872, 0.7203999999999999, 0.7428, 0.03960000000000008, 0.24, 0.46120000000000005, 0.7944, 0.6844, 0.0572, 0.6664, 0.392, 0.4403999999999999, 0.06240000000000001, 0.788, 0.29, 0.7296, 0.2944, 0.1399999999999999, 0.5724, 0.23439999999999994, 0.5544, 0.1728, 0.0988, 0.8104, 0.3356, 0.974, 0.736, 0.4887999999999999, 0.03639999999999999, 0.3988, 0.7936, 0.17999999999999994, 0.010000000000000009, 0.8872, 0.6392, 0.4236, 0.1903999999999999, 0.5392, 0.5428, 0.31919999999999993, 0.3336, 0.3484, 0.48120000000000007, 0.15880000000000005, 0.5932, 0.4272, 0.9804, 0.3204, 0.5812, 0.1408, 0.4104000000000001, 0.4716, 0.0288, 0.1852, 0.9356, 0.6776, 0.8508, 0.7984, 0.33640000000000003, 0.1156, 0.022399999999999975, 0.396, 0.8924000000000001, 0.814, 0.0572, 0.6484, 0.8216, 0.7216, 0.43720000000000003, 0.0812, 0.7704, 0.5256000000000001, 0.7764, 0.03639999999999999, 0.868, 0.8084, 0.48439999999999994, 0.9416, 0.0684, 0.33000000000000007, 0.8152, 0.12919999999999998, 0.07559999999999989, 0.8668, 0.5892, 0.1244, 0.5712, 0.0156, 0.8540000000000001, 0.0084, 0.3204, 0.6368, 0.912, 0.1508, 0.2228, 0.43599999999999994, 0.052, 0.8252, 0.8364, 0.44599999999999995, 0.4139999999999999, 0.8492, 0.7764, 0.4532, 0.8692, 0.5612, 0.4384, 0.4192, 0.4444, 0.72, 0.20639999999999992, 0.019200000000000106, 0.4292, 0.1076, 0.9348000000000001, 0.1823999999999999, 0.9248000000000001, 0.3708, 0.7183999999999999, 0.272, 0.5311999999999999, 0.6859999999999999, 0.2288, 0.9252, 0.766, 0.3636, 0.0616, 0.30400000000000005, 0.7196, 0.9028, 0.6903999999999999, 0.6244000000000001, 0.1356, 0.7704, 0.1088, 0.6808, 0.5691999999999999, 0.7804, 0.6236, 0.0027999999999999137, 0.182, 0.844, 0.34040000000000004, 0.6892, 0.2672000000000001, 0.266, 0.218, 0.7192, 0.8300000000000001, 0.09640000000000004, 0.572, 0.3600000000000001, 0.54, 0.3464, 0.362, 0.27560000000000007, 0.9244000000000001, 0.8016, 0.13759999999999994, 0.5076, 0.8964000000000001, 0.5616000000000001, 0.1976, 0.44520000000000004, 0.8964000000000001, 0.1196, 0.5992, 0.8064, 0.022, 0.7252, 0.20639999999999992, 0.1512, 0.6196, 0.6604, 0.8644000000000001, 0.504, 0.09200000000000008, 0.3708, 0.5788, 0.402, 0.3864000000000001, 0.0968, 0.3464, 0.34440000000000004, 0.83, 0.34240000000000004, 0.252, 0.4448, 0.15359999999999996, 0.35919999999999996, 0.7183999999999999, 0.3752, 0.8944000000000001, 0.7771999999999999, 0.9772000000000001, 0.0364, 0.9892000000000001, 0.7076, 0.6479999999999999, 0.19599999999999995, 0.3768, 0.5236000000000001, 0.5920000000000001, 0.9656, 0.3024, 0.030399999999999983, 0.288, 0.1956, 0.3528, 0.2432, 0.6976, 0.1788, 0.9852000000000001, 0.5164, 0.8128, 0.6095999999999999, 0.0484, 0.2676, 0.3364, 0.2776, 0.5748, 0.2088000000000001, 0.8988, 0.9708000000000001, 0.9244000000000001, 0.6808000000000001, 0.026799999999999935, 0.5276000000000001, 0.5212000000000001, 0.7092, 0.5172, 0.69, 0.16359999999999997, 0.026000000000000023, 0.09559999999999991, 0.0052000000000000934, 0.3476, 0.7851999999999999, 0.005600000000000049, 0.32519999999999993, 0.3428, 0.1903999999999999, 0.3788, 0.7447999999999999, 0.3688, 0.7432000000000001, 0.8552, 0.04079999999999995, 0.7003999999999999, 0.45599999999999996, 0.598, 0.5808, 0.8808, 0.2432, 0.3224, 0.26760000000000006, 0.5012000000000001, 0.1188, 0.9492, 0.276, 0.3635999999999999, 0.27360000000000007, 0.7984, 0.25439999999999996, 0.5751999999999999, 0.926, 0.28, 0.008, 0.9396, 0.048, 0.5408, 0.5087999999999999, 0.3184, 0.5207999999999999, 0.8828, 0.9072, 0.6196, 0.6468, 0.476, 0.2948, 0.8812, 0.3868, 0.8128, 0.3388, 0.5724, 0.5636, 0.268, 0.6492, 0.6524, 0.4368, 0.15759999999999996, 0.7928, 0.0988, 0.8588, 0.244, 0.92, 0.9184, 0.1344, 0.32600000000000007, 0.2076, 0.4308, 0.7672, 0.0988, 0.44799999999999995, 0.8128, 0.8304, 0.3832, 0.5688, 0.3212, 0.4792, 0.3904000000000001, 0.3224, 0.3944, 0.526, 0.7836000000000001, 0.792, 0.7456, 0.23720000000000008, 0.9852000000000001, 0.2692000000000001, 0.8208, 0.7884, 0.5264, 0.20399999999999996, 0.5456, 0.1803999999999999, 0.23120000000000007, 0.38759999999999994, 0.1172, 0.9616, 0.06119999999999992, 0.33240000000000003, 0.3315999999999999, 0.17280000000000006, 0.1512, 0.4968, 0.5604, 0.0204, 0.3204, 0.2432, 0.6912, 0.9164, 0.6335999999999999, 0.9568, 0.2068, 0.27, 0.562, 0.7088000000000001, 0.17559999999999998, 0.7488, 0.6863999999999999, 0.3336, 0.9312, 0.0216, 0.3676, 0.3904000000000001, 0.298, 0.8480000000000001, 0.2003999999999999, 0.2048000000000001, 0.6576, 0.1056, 0.9623999999999999, 0.5944, 0.6035999999999999, 0.3899999999999999, 0.8948, 0.6992, 0.4308, 0.6264000000000001, 0.4332, 0.7407999999999999, 0.282, 0.864, 0.1676, 0.2932, 0.2292, 0.7192, 0.34, 0.4688, 0.40959999999999996, 0.7336, 0.7672000000000001, 0.034399999999999986, 0.4244000000000001, 0.9608, 0.0032000000000000917, 0.3484, 0.2988, 0.7812, 0.3368, 0.7832, 0.6903999999999999, 0.0688, 0.6496, 0.3648, 0.09400000000000008, 0.14080000000000004, 0.3812, 0.8556, 0.996, 0.58, 0.3808, 0.3944, 0.786, 0.7112, 0.12519999999999998, 0.646, 0.6208, 0.4808, 0.7827999999999999, 0.19599999999999995, 0.9768, 0.67, 0.4568, 0.4463999999999999, 0.456, 0.3016, 0.6044, 0.536, 0.9696, 0.0884, 0.6055999999999999, 0.0504, 0.12, 0.08440000000000003, 0.18999999999999995, 0.5588, 0.2028, 0.16999999999999993, 0.1616, 0.8360000000000001, 0.6796, 0.46320000000000006, 0.04079999999999995, 0.4256, 0.7644, 0.0284, 0.022399999999999975, 0.3375999999999999, 0.5072, 0.6552, 0.5396000000000001, 0.1724000000000001, 0.1632, 0.018, 0.8580000000000001, 0.8884000000000001, 0.1836, 0.63, 0.29, 0.2688, 0.1432, 0.634, 0.718, 0.8888, 0.5347999999999999, 0.2052, 0.1044, 0.7988, 0.1012, 0.6195999999999999, 0.28479999999999994, 0.3912, 0.6104, 0.6279999999999999, 0.7036, 0.4944, 0.2667999999999999, 0.1908, 0.182, 0.1804, 0.35919999999999996, 0.5556000000000001, 0.6932, 0.05840000000000001, 0.8292, 0.9468000000000001, 0.0956, 0.13840000000000008, 0.4303999999999999, 0.5016, 0.7656000000000001, 0.1943999999999999, 0.388, 0.5996, 0.0408, 0.009200000000000097, 0.8959999999999999, 0.9544, 0.6532, 0.8124, 0.5932, 0.8140000000000001, 0.4179999999999999, 0.09640000000000004, 0.14880000000000004, 0.1632, 0.4348, 0.2652, 0.2016, 0.0504, 0.6368, 0.3812, 0.3512, 0.23, 0.6308, 0.6964, 0.9472, 0.3488, 0.562, 0.1164, 0.382, 0.7712000000000001, 0.81, 0.04, 0.9296, 0.9676, 0.7784, 0.564, 0.5728, 0.938, 0.3864000000000001, 0.4924, 0.5304, 0.546, 0.6268, 0.6724000000000001, 0.20839999999999992, 0.4992000000000001, 0.7556, 0.9508000000000001, 0.2208, 0.5272, 0.9788, 0.7368, 0.9972000000000001, 0.4876, 0.05719999999999992, 0.4072, 0.3416, 0.21799999999999997, 0.2076, 0.5964, 0.3792, 0.6096, 0.5895999999999999, 0.0488, 0.2023999999999999, 0.1696, 0.844, 0.15680000000000005, 0.9323999999999999, 0.1632, 0.23639999999999994, 0.6355999999999999, 0.0808, 0.21120000000000005, 0.096, 0.3615999999999999, 0.2836000000000001, 0.1468, 0.9036, 0.8848, 0.67, 0.8848, 0.05, 0.1112, 0.5800000000000001, 0.4736, 0.4404, 0.3236000000000001, 0.2272, 0.6339999999999999, 0.5296000000000001, 0.16880000000000006, 0.2364, 0.4792, 0.5388, 0.2776, 0.284, 0.5347999999999999, 0.3759999999999999, 0.7888, 0.19720000000000004, 0.028, 0.6764, 0.8996, 0.7772, 0.8452, 0.8600000000000001, 0.6656, 0.8796, 0.6372, 0.7303999999999999, 0.4296, 0.7704, 0.06519999999999992, 0.0516, 0.1148, 0.4016, 0.4184000000000001, 0.6224000000000001, 0.4064, 0.8892, 0.9116, 0.22960000000000003, 0.4288, 0.4712, 0.6696, 0.45399999999999996, 0.5844, 0.29279999999999995, 0.9272, 0.958, 0.7304, 0.25239999999999996, 0.1252, 0.4952000000000001, 0.4336, 0.6516, 0.6412, 0.22599999999999998, 0.746, 0.4328000000000001, 0.7196, 0.5536, 0.37040000000000006, 0.07240000000000002, 0.7336, 0.5816, 0.5, 0.528, 0.02079999999999993, 0.0412, 0.025600000000000067, 0.4224, 0.4112, 0.8224, 0.8071999999999999, 0.558, 0.6444000000000001, 0.06400000000000006, 0.0892, 0.48120000000000007, 0.8676, 0.472, 0.0304, 0.934]","[0.    0.005 0.01  0.015 0.02  0.025 0.03  0.035 0.04  0.045 0.05  0.055
 0.06  0.065 0.07  0.075 0.08  0.085 0.09  0.095 0.1   0.105 0.11  0.115
 0.12  0.125 0.13  0.135 0.14  0.145 0.15  0.155 0.16  0.165 0.17  0.175
 0.18  0.185 0.19  0.195 0.2   0.205 0.21  0.215 0.22  0.225 0.23  0.235
 0.24  0.245 0.25  0.255 0.26  0.265 0.27  0.275 0.28  0.285 0.29  0.295
 0.3   0.305 0.31  0.315 0.32  0.325 0.33  0.335 0.34  0.345 0.35  0.355
 0.36  0.365 0.37  0.375 0.38  0.385 0.39  0.395 0.4   0.405 0.41  0.415
 0.42  0.425 0.43  0.435 0.44  0.445 0.45  0.455 0.46  0.465 0.47  0.475
 0.48  0.485 0.49  0.495 0.5   0.505 0.51  0.515 0.52  0.525 0.53  0.535
 0.54  0.545 0.55  0.555 0.56  0.565 0.57  0.575 0.58  0.585 0.59  0.595
 0.6   0.605 0.61  0.615 0.62  0.625 0.63  0.635 0.64  0.645 0.65  0.655
 0.66  0.665 0.67  0.675 0.68  0.685 0.69  0.695 0.7   0.705 0.71  0.715
 0.72  0.725 0.73  0.735 0.74  0.745 0.75  0.755 0.76  0.765 0.77  0.775
 0.78  0.785 0.79  0.795 0.8   0.805 0.81  0.815 0.82  0.825 0.83  0.835
 0.84  0.845 0.85  0.855 0.86  0.865 0.87  0.875 0.88  0.885 0.89  0.895
 0.9   0.905 0.91  0.915 0.92  0.925 0.93  0.935 0.94  0.945 0.95  0.955
 0.96  0.965 0.97  0.975 0.98  0.985 0.99  0.995 1.   ]","[0.0, 0.0025, 0.00875, 0.01125, 0.01625, 0.02375, 0.03375, 0.04, 0.04875, 0.055, 0.06125, 0.06625, 0.07125, 0.07625, 0.08125, 0.08375, 0.085, 0.08875, 0.09125, 0.095, 0.10625, 0.10875, 0.11375, 0.1175, 0.125, 0.12625, 0.135, 0.1375, 0.1425, 0.14875, 0.15375, 0.15875, 0.16375, 0.17125, 0.1775, 0.18125, 0.1875, 0.195, 0.1975, 0.20375, 0.21, 0.21875, 0.23, 0.23125, 0.235, 0.2375, 0.24625, 0.25, 0.25625, 0.26125, 0.26125, 0.26625, 0.2675, 0.2675, 0.2825, 0.2875, 0.295, 0.30125, 0.30875, 0.315, 0.31875, 0.32375, 0.325, 0.32625, 0.32875, 0.33875, 0.34375, 0.35, 0.35875, 0.365, 0.3725, 0.37625, 0.37875, 0.38625, 0.39, 0.39625, 0.40375, 0.41, 0.42, 0.4275, 0.43125, 0.43375, 0.43875, 0.44375, 0.44875, 0.45375, 0.46, 0.46875, 0.47375, 0.47875, 0.485, 0.48875, 0.4925, 0.49625, 0.4975, 0.50375, 0.5075, 0.51375, 0.5175, 0.52, 0.5275, 0.53125, 0.53625, 0.53625, 0.54, 0.545, 0.55375, 0.56, 0.56625, 0.56875, 0.57375, 0.57875, 0.5825, 0.59125, 0.595, 0.6025, 0.61, 0.61875, 0.62125, 0.6275, 0.635, 0.6375, 0.64125, 0.64625, 0.65, 0.655, 0.66125, 0.66625, 0.67375, 0.67625, 0.68375, 0.6875, 0.69125, 0.69375, 0.70125, 0.70375, 0.70875, 0.7125, 0.7175, 0.72375, 0.72875, 0.73375, 0.73875, 0.74125, 0.75125, 0.755, 0.7575, 0.7625, 0.76625, 0.7725, 0.7775, 0.77875, 0.78, 0.78375, 0.79, 0.795, 0.80375, 0.81, 0.81625, 0.82125, 0.8275, 0.82875, 0.83375, 0.8425, 0.84625, 0.85, 0.855, 0.8575, 0.8625, 0.86625, 0.87125, 0.87375, 0.87875, 0.88625, 0.89125, 0.89375, 0.895, 0.9025, 0.91125, 0.915, 0.92125, 0.92625, 0.9275, 0.93, 0.93625, 0.94125, 0.9475, 0.95375, 0.9575, 0.96, 0.96375, 0.96875, 0.9725, 0.9775, 0.98125, 0.98375, 0.98875, 0.99, 0.995, 0.99625, 1.0]"
0,0.5106335,0.08394085527775,,"[0.9376, 0.962, 0.1068, 0.6108, 0.4076, 0.4423999999999999, 0.2924, 0.0452, 0.3004, 0.6976, 0.16680000000000006, 0.2572000000000001, 0.9472, 0.0532, 0.4683999999999999, 0.44920000000000004, 0.7504, 0.8695999999999999, 0.48439999999999994, 0.17880000000000007, 0.4828, 0.4896, 0.1763999999999999, 0.1812, 0.37040000000000006, 0.7684, 0.0972, 0.21839999999999993, 0.976, 0.36840000000000006, 0.4576, 0.7584, 0.7476, 0.9344, 0.8380000000000001, 0.8584, 0.18880000000000008, 0.75, 0.47920000000000007, 0.48639999999999994, 0.6764, 0.3448, 0.5508, 0.0448, 0.4044, 0.164, 0.75, 0.6572, 0.13119999999999998, 0.7876, 0.6752, 0.49239999999999995, 0.37240000000000006, 0.986, 0.7472, 0.3528, 0.5112, 0.6539999999999999, 0.8588, 0.16680000000000006, 0.8560000000000001, 0.002, 0.6608, 0.048799999999999955, 0.11040000000000005, 0.3176, 0.4132, 0.6439999999999999, 0.0968, 0.6168, 0.4688000000000001, 0.6148, 0.39359999999999995, 0.8056, 0.7516, 0.062000000000000055, 0.0568, 0.09840000000000004, 0.09000000000000008, 0.41999999999999993, 0.09200000000000008, 0.6220000000000001, 0.392, 0.26639999999999997, 0.9184, 0.5876, 0.27879999999999994, 0.6048, 0.9756, 0.6984, 0.352, 0.1092, 0.1472, 0.3824, 0.0548, 0.5327999999999999, 0.9532, 0.6508, 0.21520000000000006, 0.2228000000000001, 0.144, 0.8064, 0.0552, 0.23399999999999999, 0.6568, 0.6104, 0.6559999999999999, 0.9532, 0.1184, 0.9787999999999999, 0.4448, 0.6144000000000001, 0.3196000000000001, 0.0124, 0.7784, 0.964, 0.8924, 0.522, 0.5384, 0.2487999999999999, 0.8792, 0.27279999999999993, 0.7236, 0.8596, 0.3024, 0.6259999999999999, 0.016, 0.0040000000000000036, 0.0904, 0.9636, 0.8779999999999999, 0.5752, 0.644, 0.7628, 0.4416, 0.6095999999999999, 0.45, 0.45199999999999996, 0.538, 0.2536, 0.9628, 0.16880000000000006, 0.8335999999999999, 0.6676, 0.7807999999999999, 0.9112, 0.2512, 0.7136, 0.946, 0.7816, 0.4348, 0.8728, 0.7876, 0.7652000000000001, 0.9588000000000001, 0.12240000000000006, 0.7372, 0.3248, 0.758, 0.5276, 0.5048, 0.9732, 0.5376000000000001, 0.8024, 0.8928, 0.096, 0.2056, 0.7488, 0.8964, 0.9592, 0.8576, 0.6212, 0.0292, 0.6756, 0.06, 0.3212, 0.0464, 0.006, 0.5788, 0.5936, 0.14080000000000004, 0.714, 0.3932, 0.08119999999999994, 0.1992, 0.3028, 0.0656, 0.5751999999999999, 0.5975999999999999, 0.2507999999999999, 0.3448, 0.18199999999999994, 0.8664, 0.04200000000000004, 0.6736, 0.1864, 0.9728000000000001, 0.54, 0.3344, 0.37559999999999993, 0.4508, 0.6224, 0.9436, 0.6572, 0.8848, 0.6576, 0.7512, 0.3051999999999999, 0.8328, 0.9456, 0.8, 0.4348000000000001, 0.2936, 0.7527999999999999, 0.7352, 0.9423999999999999, 0.8171999999999999, 0.6883999999999999, 0.8868, 0.7028000000000001, 0.7448, 0.2567999999999999, 0.8171999999999999, 0.6972, 0.0708, 0.518, 0.2627999999999999, 0.8535999999999999, 0.8716, 0.27560000000000007, 0.1508, 0.8540000000000001, 0.1883999999999999, 0.694, 0.882, 0.0684, 0.1696, 0.1416, 0.2748, 0.1200000000000001, 0.0, 0.9308000000000001, 0.968, 0.27360000000000007, 0.746, 0.844, 0.26639999999999997, 0.4119999999999999, 0.13480000000000003, 0.5412, 0.3712, 0.02639999999999998, 0.8848, 0.5804, 0.8548, 0.1016, 0.2724, 0.9268000000000001, 0.7347999999999999, 0.19799999999999995, 0.0412, 0.020399999999999974, 0.7152, 0.3495999999999999, 0.9912, 0.2308, 0.19280000000000008, 0.1396, 0.1168, 0.5144, 0.5676, 0.5008, 0.1068, 0.1428, 0.3076000000000001, 0.1684000000000001, 0.4064, 0.37959999999999994, 0.524, 0.4263999999999999, 0.3071999999999999, 0.3171999999999999, 0.27879999999999994, 0.9132, 0.2672, 0.6519999999999999, 0.3224, 0.6339999999999999, 0.99, 0.4568, 0.5768, 0.8896, 0.5392, 0.6268, 0.8604, 0.2844, 0.3979999999999999, 0.6432, 0.5, 0.9008, 0.6932, 0.9128000000000001, 0.7512, 0.3772, 0.4204000000000001, 0.4648, 0.07600000000000007, 0.05919999999999992, 0.144, 0.0652, 0.5676, 0.582, 0.3248, 0.6448, 0.08840000000000003, 0.3112, 0.07240000000000002, 0.27, 0.5076, 0.5568, 0.5316000000000001, 0.074, 0.9544, 0.1856, 0.078, 0.9076, 0.6843999999999999, 0.6672, 0.264, 0.6928, 0.3184, 0.0252, 0.47920000000000007, 0.5464, 0.13759999999999994, 0.8268, 0.6952, 0.2327999999999999, 0.8644, 0.4496, 0.5551999999999999, 0.8435999999999999, 0.23960000000000004, 0.008, 0.544, 0.6315999999999999, 0.050799999999999956, 0.1216, 0.6288, 0.4912, 0.1012, 0.5771999999999999, 0.5424, 0.6124, 0.7172000000000001, 0.6888, 0.796, 0.8552, 0.1828, 0.9947999999999999, 0.6848000000000001, 0.49639999999999995, 0.344, 0.5972, 0.8395999999999999, 0.058, 0.5496, 0.07840000000000003, 0.23439999999999994, 0.0836, 0.534, 0.6168, 0.1244, 0.8008, 0.7016, 0.6164, 0.8052, 0.9992, 0.6916, 0.2028, 0.6839999999999999, 0.452, 0.41080000000000005, 0.5156, 0.6424000000000001, 0.6384, 0.7924, 0.3904000000000001, 0.8928, 0.5076, 0.702, 0.6652, 0.392, 0.8204, 0.7028, 0.732, 0.4832, 0.7356, 0.15359999999999996, 0.12119999999999997, 0.162, 0.6516, 0.2768, 0.8184, 0.5336000000000001, 0.5788, 0.2724, 0.71, 0.8896, 0.126, 0.13880000000000003, 0.8351999999999999, 0.7684, 0.9884, 0.9803999999999999, 0.1136, 0.536, 0.0344, 0.42080000000000006, 0.8388, 0.5744, 0.0748, 0.5912, 0.4804, 0.5728, 0.956, 0.46320000000000006, 0.3575999999999999, 0.5024, 0.9664, 0.9968, 0.3112, 0.942, 0.526, 0.1988, 0.2816, 0.0568, 0.3396, 0.044399999999999995, 0.8460000000000001, 0.0136, 0.7267999999999999, 0.604, 0.3512, 0.11840000000000006, 0.0804, 0.9947999999999999, 0.8384, 0.8536, 0.6676, 0.11519999999999997, 0.2916, 0.52, 0.9716, 0.8864, 0.9112, 0.8435999999999999, 0.6648000000000001, 0.872, 0.48560000000000003, 0.055199999999999916, 0.9964, 0.5087999999999999, 0.5564, 0.5968, 0.7804, 0.8232, 0.0656, 0.8552, 0.9644, 0.4388000000000001, 0.248, 0.4508000000000001, 0.19399999999999995, 0.9544, 0.17799999999999994, 0.6808, 0.0068, 0.5875999999999999, 0.8368, 0.2456, 0.5980000000000001, 0.4468, 0.34919999999999995, 0.0192, 0.516, 0.616, 0.7744, 0.2136, 0.9987999999999999, 0.9756, 0.07000000000000006, 0.6856, 0.38159999999999994, 0.3568, 0.7, 0.9328, 0.24560000000000004, 0.6424000000000001, 0.9656, 0.0188, 0.196, 0.8824000000000001, 0.6344, 0.8835999999999999, 0.12200000000000011, 0.3268, 0.942, 0.6756, 0.41880000000000006, 0.35319999999999996, 0.7316, 0.16959999999999997, 0.8635999999999999, 0.502, 0.7552, 0.0948, 0.1592, 0.8536, 0.8772, 0.6632, 0.0004, 0.9523999999999999, 0.5980000000000001, 0.25, 0.8999999999999999, 0.5764, 0.8568, 0.8708, 0.9796, 0.548, 0.3919999999999999, 0.42480000000000007, 0.1319999999999999, 0.3308, 0.6024, 0.8436, 0.4688000000000001, 0.8976, 0.6896, 0.6124, 0.5484, 0.9199999999999999, 0.7892, 0.8484, 0.21439999999999992, 0.6284000000000001, 0.004, 0.4, 0.706, 0.8984, 0.5964, 0.9132, 0.962, 0.4272, 0.854, 0.7727999999999999, 0.8111999999999999, 0.6516, 0.3076, 0.7592, 0.6076, 0.3768, 0.5184, 0.0132000000000001, 0.5376000000000001, 0.27560000000000007, 0.005600000000000049, 0.476, 0.358, 0.3924000000000001, 0.4416, 0.6728000000000001, 0.8172, 0.8068, 0.6252, 0.3004, 0.6652, 0.6843999999999999, 0.694, 0.0596000000000001, 0.5608, 0.46120000000000005, 0.2496, 0.9672000000000001, 0.3572, 0.9947999999999999, 0.7236, 0.8384, 0.4904, 0.48039999999999994, 0.7384, 0.7904, 0.8764, 0.3028, 0.956, 0.7884, 0.1883999999999999, 0.2092, 0.2276, 0.4628000000000001, 0.8316, 0.3852, 0.8400000000000001, 0.2888, 0.6212, 0.9424, 0.5651999999999999, 0.7968, 0.062, 0.37840000000000007, 0.2924, 0.6172, 0.774, 0.4312, 0.3104, 0.442, 0.18159999999999998, 0.776, 0.1736, 0.5884, 0.9332, 0.6284, 0.019600000000000062, 0.4672, 0.012799999999999923, 0.33119999999999994, 0.4836, 0.3652, 0.9208000000000001, 0.8564, 0.0371999999999999, 0.2704, 0.14680000000000004, 0.6584, 0.9956, 0.6424000000000001, 0.3944, 0.6828000000000001, 0.09640000000000004, 0.858, 0.8644, 0.3700000000000001, 0.7536, 0.2096, 0.02200000000000002, 0.664, 0.22920000000000007, 0.3488, 0.16199999999999992, 0.224, 0.5940000000000001, 0.38159999999999994, 0.8004, 0.9332, 0.528, 0.7312, 0.9048, 0.0352, 0.7851999999999999, 0.9363999999999999, 0.18480000000000008, 0.37040000000000006, 0.5124, 0.528, 0.6436, 0.8196000000000001, 0.608, 0.7336, 0.9288000000000001, 0.8036000000000001, 0.40559999999999996, 0.5980000000000001, 0.2971999999999999, 0.4432, 0.20920000000000005, 0.9208000000000001, 0.7911999999999999, 0.7971999999999999, 0.942, 0.5464, 0.6272, 0.8156000000000001, 0.32519999999999993, 0.2336, 0.22639999999999993, 0.6160000000000001, 0.9812, 0.902, 0.2692000000000001, 0.6276, 0.054400000000000004, 0.2116, 0.6128, 0.884, 0.738, 0.176, 0.2547999999999999, 0.6488, 0.7472, 0.2052, 0.8979999999999999, 0.3344, 0.8196, 0.12680000000000002, 0.7223999999999999, 0.5244, 0.033600000000000074, 0.6319999999999999, 0.1544, 0.08640000000000003, 0.8184, 0.2776, 0.22999999999999998, 0.7936000000000001, 0.962, 0.7208000000000001, 0.6076, 0.3228, 0.2312, 0.542, 0.056, 0.3156000000000001, 0.0855999999999999, 0.2104, 0.1379999999999999, 0.08879999999999999, 0.15399999999999991, 0.6419999999999999, 0.6272, 0.3108, 0.0128, 0.3764, 0.178, 0.2732000000000001, 0.7347999999999999, 0.6724000000000001, 0.26039999999999996, 0.756, 0.728, 0.45920000000000005, 0.3784, 0.1748, 0.040000000000000036, 0.35719999999999996, 0.43080000000000007, 0.6876, 0.5144, 0.8051999999999999, 0.17999999999999994, 0.22120000000000006, 0.37240000000000006, 0.3568, 0.1864, 0.942, 0.7436, 0.1379999999999999, 0.7128000000000001, 0.4328, 0.7316, 0.045600000000000085, 0.0968, 0.9703999999999999, 0.654, 0.7176, 0.9403999999999999, 0.1804, 0.7412000000000001, 0.7492, 0.9568000000000001, 0.7272, 0.4172, 0.2856000000000001, 0.2484, 0.2931999999999999, 0.4508, 0.4684, 0.7352000000000001, 0.4916, 0.8772, 0.706, 0.0368, 0.63, 0.6588, 0.134, 0.8972, 0.4332, 0.0728, 0.18520000000000003, 0.5576000000000001, 0.6120000000000001, 0.6248, 0.4396, 0.06519999999999992, 0.77, 0.2712, 0.3315999999999999, 0.5860000000000001, 0.2564, 0.04039999999999999]","[0.    0.005 0.01  0.015 0.02  0.025 0.03  0.035 0.04  0.045 0.05  0.055
 0.06  0.065 0.07  0.075 0.08  0.085 0.09  0.095 0.1   0.105 0.11  0.115
 0.12  0.125 0.13  0.135 0.14  0.145 0.15  0.155 0.16  0.165 0.17  0.175
 0.18  0.185 0.19  0.195 0.2   0.205 0.21  0.215 0.22  0.225 0.23  0.235
 0.24  0.245 0.25  0.255 0.26  0.265 0.27  0.275 0.28  0.285 0.29  0.295
 0.3   0.305 0.31  0.315 0.32  0.325 0.33  0.335 0.34  0.345 0.35  0.355
 0.36  0.365 0.37  0.375 0.38  0.385 0.39  0.395 0.4   0.405 0.41  0.415
 0.42  0.425 0.43  0.435 0.44  0.445 0.45  0.455 0.46  0.465 0.47  0.475
 0.48  0.485 0.49  0.495 0.5   0.505 0.51  0.515 0.52  0.525 0.53  0.535
 0.54  0.545 0.55  0.555 0.56  0.565 0.57  0.575 0.58  0.585 0.59  0.595
 0.6   0.605 0.61  0.615 0.62  0.625 0.63  0.635 0.64  0.645 0.65  0.655
 0.66  0.665 0.67  0.675 0.68  0.685 0.69  0.695 0.7   0.705 0.71  0.715
 0.72  0.725 0.73  0.735 0.74  0.745 0.75  0.755 0.76  0.765 0.77  0.775
 0.78  0.785 0.79  0.795 0.8   0.805 0.81  0.815 0.82  0.825 0.83  0.835
 0.84  0.845 0.85  0.855 0.86  0.865 0.87  0.875 0.88  0.885 0.89  0.895
 0.9   0.905 0.91  0.915 0.92  0.925 0.93  0.935 0.94  0.945 0.95  0.955
 0.96  0.965 0.97  0.975 0.98  0.985 0.99  0.995 1.   ]","[0.00125, 0.00625, 0.01125, 0.0175, 0.0225, 0.025, 0.02875, 0.03125, 0.035, 0.0425, 0.0475, 0.0525, 0.06375, 0.06625, 0.0725, 0.08, 0.08375, 0.0875, 0.0925, 0.0975, 0.105, 0.1075, 0.11125, 0.11375, 0.11875, 0.12625, 0.12875, 0.13375, 0.14, 0.14625, 0.14875, 0.15375, 0.155, 0.15875, 0.16625, 0.16875, 0.17625, 0.18375, 0.1925, 0.195, 0.2, 0.20125, 0.2075, 0.2125, 0.215, 0.21875, 0.22375, 0.23125, 0.2325, 0.2325, 0.24125, 0.24625, 0.25, 0.25375, 0.26, 0.27, 0.2775, 0.28, 0.2825, 0.28875, 0.29, 0.29625, 0.30125, 0.30625, 0.3125, 0.31875, 0.32125, 0.3275, 0.32875, 0.3325, 0.33625, 0.34125, 0.34875, 0.34875, 0.35125, 0.35875, 0.3675, 0.37125, 0.3725, 0.3825, 0.385, 0.38625, 0.39, 0.39375, 0.3975, 0.40125, 0.40375, 0.41125, 0.41375, 0.42125, 0.42625, 0.4325, 0.43625, 0.44125, 0.4475, 0.4475, 0.45125, 0.45875, 0.4625, 0.4675, 0.47, 0.475, 0.47875, 0.48375, 0.49, 0.49375, 0.49875, 0.50375, 0.5125, 0.5175, 0.52375, 0.525, 0.53, 0.53125, 0.535, 0.5375, 0.54625, 0.54875, 0.55375, 0.5575, 0.56625, 0.57, 0.575, 0.585, 0.5925, 0.59875, 0.61125, 0.61625, 0.6175, 0.62875, 0.63, 0.6375, 0.64625, 0.65125, 0.6575, 0.66125, 0.66625, 0.67375, 0.68, 0.68625, 0.6925, 0.6975, 0.70125, 0.705, 0.70875, 0.71375, 0.7175, 0.72625, 0.73375, 0.7375, 0.7475, 0.755, 0.76125, 0.7625, 0.7675, 0.77125, 0.77375, 0.7775, 0.78375, 0.78875, 0.79375, 0.79875, 0.805, 0.80625, 0.81625, 0.81875, 0.82, 0.82375, 0.8325, 0.83875, 0.84125, 0.84875, 0.86125, 0.86625, 0.86875, 0.87375, 0.88, 0.8875, 0.8925, 0.89625, 0.90375, 0.9075, 0.90875, 0.915, 0.9175, 0.92, 0.9225, 0.92875, 0.93125, 0.94125, 0.945, 0.95125, 0.9575, 0.96625, 0.97125, 0.97625, 0.9825, 0.985, 0.98875, 0.99375, 1.0]"
0,0.500738,0.08074339335599999,,"[0.15959999999999996, 0.3680000000000001, 0.9536, 0.3984000000000001, 0.9512, 0.43599999999999994, 0.986, 0.458, 0.6228, 0.6196, 0.0812, 0.9383999999999999, 0.9616, 0.05879999999999996, 0.288, 0.4596, 0.9204000000000001, 0.6968000000000001, 0.04960000000000009, 0.5411999999999999, 0.8939999999999999, 0.9764, 0.6704000000000001, 0.8412, 0.762, 0.9783999999999999, 0.1904, 0.4108, 0.2991999999999999, 0.2636, 0.3752, 0.228, 0.6255999999999999, 0.6195999999999999, 0.5256000000000001, 0.8876, 0.4372, 0.7152, 0.502, 0.7427999999999999, 0.0168, 0.5472, 0.0744, 0.5532, 0.242, 0.4508000000000001, 0.8952, 0.6908000000000001, 0.38959999999999995, 0.14680000000000004, 0.8524, 0.5332, 0.5404, 0.4468, 0.22760000000000002, 0.5908, 0.4088, 0.8916, 0.8899999999999999, 0.5800000000000001, 0.9152, 0.0684, 0.4464, 0.03160000000000007, 0.8136000000000001, 0.4812, 0.99, 0.022, 0.4096, 0.7316, 0.3196, 0.39880000000000004, 0.6040000000000001, 0.8012, 0.1788, 0.6476, 0.02079999999999993, 0.2552000000000001, 0.056400000000000006, 0.9488000000000001, 0.4612, 0.1976, 0.1504, 0.538, 0.3395999999999999, 0.7804, 0.018000000000000016, 0.47839999999999994, 0.6843999999999999, 0.1823999999999999, 0.04, 0.3628, 0.03279999999999994, 0.8375999999999999, 0.8436, 0.6188, 0.6612, 0.1896, 0.8295999999999999, 0.062000000000000055, 0.2172, 0.016, 0.5328, 0.218, 0.1208, 0.2791999999999999, 0.98, 0.6548, 0.8044, 0.0856, 0.8220000000000001, 0.9732000000000001, 0.7192000000000001, 0.57, 0.9028, 0.09959999999999991, 0.23960000000000004, 0.612, 0.4088, 0.4928, 0.4252, 0.6928000000000001, 0.26, 0.07160000000000011, 0.019200000000000106, 0.1368, 0.5096, 0.6948, 0.6559999999999999, 0.276, 0.1140000000000001, 0.6836, 0.2692, 0.5396000000000001, 0.7948, 0.6512, 0.1956, 0.6108, 0.7667999999999999, 0.31479999999999997, 0.0724, 0.9716, 0.6972, 0.5316, 0.8428, 0.6772, 0.5116, 0.2156, 0.1664000000000001, 0.6844, 0.4488000000000001, 0.06119999999999992, 0.24160000000000004, 0.6604000000000001, 0.398, 0.41999999999999993, 0.6368, 0.982, 0.30079999999999996, 0.03200000000000003, 0.3244, 0.22199999999999998, 0.7184, 0.5292, 0.33119999999999994, 0.954, 0.1504, 0.9476, 0.9056, 0.22799999999999998, 0.42880000000000007, 0.3196, 0.714, 0.2128, 0.8428, 0.6948000000000001, 0.006399999999999961, 0.4816, 0.030399999999999983, 0.3744, 0.8916, 0.8380000000000001, 0.1024, 0.5471999999999999, 0.4172, 0.5568, 0.8056000000000001, 0.9412, 0.38, 0.608, 0.6508, 0.0968, 0.9232, 0.4004, 0.4828, 0.246, 0.8260000000000001, 0.8232, 0.5712, 0.678, 0.0808, 0.5404, 0.7492, 0.8440000000000001, 0.7692000000000001, 0.2628, 0.8432, 0.4196, 0.4316, 0.6172, 0.0752, 0.8200000000000001, 0.7132000000000001, 0.20439999999999992, 0.518, 0.3535999999999999, 0.4283999999999999, 0.5036, 0.716, 0.0404, 0.18520000000000003, 0.6196, 0.5312, 0.1028, 0.9576, 0.6656, 0.404, 0.8288, 0.9956, 0.3196000000000001, 0.4716, 0.5548, 0.9428, 0.7832, 0.6248, 0.932, 0.6608, 0.3392, 0.5056, 0.2608, 0.9176, 0.444, 0.5571999999999999, 0.6148, 0.1884, 0.5848, 0.2336, 0.6616, 0.8688, 0.9563999999999999, 0.008799999999999919, 0.1752, 0.17720000000000002, 0.2848, 0.8776, 0.816, 0.45399999999999996, 0.7712, 0.234, 0.0512, 0.1180000000000001, 0.712, 0.8604, 0.3228, 0.4396, 0.4548, 0.3224, 0.9996, 0.476, 0.1624, 0.3144, 0.642, 0.9108, 0.3244, 0.6992, 0.22239999999999993, 0.08719999999999994, 0.0104, 0.1732, 0.8052, 0.8996, 0.033600000000000074, 0.3964, 0.09840000000000004, 0.634, 0.7852, 0.8472, 0.7688, 0.716, 0.8879999999999999, 0.6892, 0.9199999999999999, 0.9772, 0.6015999999999999, 0.728, 0.3884000000000001, 0.036, 0.9987999999999999, 0.9676, 0.8008, 0.09840000000000004, 0.16920000000000002, 0.6932, 0.1108, 0.2912, 0.0288, 0.748, 0.408, 0.738, 0.7312, 0.8884000000000001, 0.364, 0.0988, 0.9896, 0.5156, 0.616, 0.08919999999999995, 0.4688, 0.5844, 0.968, 0.9403999999999999, 0.4972, 0.146, 0.482, 0.6120000000000001, 0.7976, 0.3264, 0.6976, 0.8836, 0.7343999999999999, 0.9812, 0.5311999999999999, 0.6712, 0.9356, 0.45599999999999996, 0.8371999999999999, 0.02079999999999993, 0.522, 0.06679999999999997, 0.0868, 0.6912, 0.2228, 0.5396, 0.8031999999999999, 0.12080000000000002, 0.056400000000000006, 0.0572, 0.6244000000000001, 0.34919999999999995, 0.2136, 0.6064, 0.4296, 0.8624, 0.7548, 0.9823999999999999, 0.044399999999999995, 0.4972000000000001, 0.8548, 0.3052, 0.6952, 0.778, 0.30079999999999996, 0.1100000000000001, 0.3632, 0.0632, 0.81, 0.2208000000000001, 0.2248000000000001, 0.48360000000000003, 0.9484, 0.4328000000000001, 0.5327999999999999, 0.7232, 0.8388, 0.03639999999999999, 0.1708, 0.4688000000000001, 0.44, 0.4288, 0.1624000000000001, 0.954, 0.23399999999999999, 0.0092, 0.7532000000000001, 0.4996, 0.4172, 0.5304, 0.43, 0.034399999999999986, 0.8620000000000001, 0.7931999999999999, 0.3676, 0.1892, 0.3255999999999999, 0.6112, 0.2152, 0.3572, 0.24760000000000004, 0.548, 0.14680000000000004, 0.4444, 0.478, 0.8128, 0.11640000000000006, 0.6719999999999999, 0.7072, 0.0356, 0.7852, 0.6896, 0.1712, 0.8116000000000001, 0.9224, 0.6315999999999999, 0.4092, 0.3188, 0.6108, 0.2564, 0.4748, 0.516, 0.7096, 0.7252, 0.6344000000000001, 0.1532, 0.364, 0.6524, 0.3608, 0.516, 0.5308, 0.2356, 0.29, 0.488, 0.31000000000000005, 0.5364, 0.11480000000000001, 0.5532, 0.7596, 0.766, 0.5471999999999999, 0.9552, 0.3852, 0.5984, 0.04079999999999995, 0.058, 0.9508000000000001, 0.3972, 0.7436, 0.17199999999999993, 0.8624, 0.6596, 0.4079999999999999, 0.7148, 0.36440000000000006, 0.020000000000000018, 0.6552, 0.5912, 0.4616, 0.6619999999999999, 0.44199999999999995, 0.7248000000000001, 0.1624, 0.52, 0.3136000000000001, 0.09119999999999995, 0.9768, 0.0348, 0.4768, 0.246, 0.4556, 0.8812, 0.5724, 0.5704, 0.026799999999999935, 0.5492, 0.7596, 0.5812, 0.4476, 0.0411999999999999, 0.3171999999999999, 0.168, 0.41480000000000006, 0.588, 0.3328, 0.0748, 0.3036000000000001, 0.6424000000000001, 0.8844000000000001, 0.7123999999999999, 0.7212000000000001, 0.2248000000000001, 0.13119999999999998, 0.9383999999999999, 0.5855999999999999, 0.14040000000000008, 0.8516, 0.2896000000000001, 0.6619999999999999, 0.0148, 0.4044000000000001, 0.3608, 0.1336, 0.6752, 0.058, 0.032399999999999984, 0.2472000000000001, 0.4112, 0.3612, 0.2936000000000001, 0.2648, 0.6572, 0.244, 0.18720000000000003, 0.3308, 0.84, 0.2972, 0.41, 0.398, 0.6728000000000001, 0.4148, 0.38680000000000003, 0.0456, 0.7516, 0.9332, 0.48160000000000003, 0.9184, 0.4832000000000001, 0.0352, 0.8628, 0.706, 0.1208, 0.06679999999999997, 0.4523999999999999, 0.6180000000000001, 0.8476, 0.338, 0.12159999999999993, 0.7872, 0.6172, 0.8552, 0.7564, 0.6544000000000001, 0.2116, 0.5488, 0.5792, 0.4828, 0.52, 0.25639999999999996, 0.03479999999999994, 0.2936, 0.9236, 0.5964, 0.08119999999999994, 0.36440000000000006, 0.9172, 0.8924, 0.3812, 0.9136, 0.7364, 0.6784, 0.2647999999999999, 0.4668, 0.6823999999999999, 0.7487999999999999, 0.6584000000000001, 0.666, 0.2488, 0.5304, 0.4676, 0.5764, 0.8308, 0.5556, 0.6728, 0.4636, 0.5371999999999999, 0.6928000000000001, 0.6108, 0.5296, 0.962, 0.1348, 0.49160000000000004, 0.3456, 0.2148, 0.2944, 0.34440000000000004, 0.17559999999999998, 0.5711999999999999, 0.8448, 0.025600000000000067, 0.0524, 0.9976, 0.8784, 0.092, 0.7588, 0.9144, 0.1484, 0.2916, 0.014799999999999924, 0.8, 0.6868, 0.7212, 0.726, 0.5700000000000001, 0.7103999999999999, 0.6456, 0.978, 0.43199999999999994, 0.5228, 0.7332, 0.9372, 0.4556, 0.132, 0.9108, 0.2736, 0.6619999999999999, 0.2184, 0.38480000000000003, 0.6963999999999999, 0.5287999999999999, 0.6124, 0.2267999999999999, 0.8168, 0.3668, 0.5832, 0.7432000000000001, 0.208, 0.20720000000000005, 0.9328, 0.2916000000000001, 0.05840000000000001, 0.0636, 0.2667999999999999, 0.932, 0.0852, 0.6652, 0.304, 0.2168, 0.6108, 0.3268, 0.6884, 0.3071999999999999, 0.09040000000000004, 0.40480000000000005, 0.9212, 0.1448, 0.538, 0.0596000000000001, 0.356, 0.4192, 0.5568, 0.16599999999999993, 0.44120000000000004, 0.6572, 0.594, 0.768, 0.23839999999999995, 0.7507999999999999, 0.9336, 0.5791999999999999, 0.18920000000000003, 0.08879999999999999, 0.6104, 0.914, 0.5975999999999999, 0.4728, 0.8904000000000001, 0.4984, 0.78, 0.7508, 0.784, 0.2084, 0.24, 0.8892, 0.31919999999999993, 0.8999999999999999, 0.96, 0.3848, 0.006, 0.8708, 0.45720000000000005, 0.4612, 0.7876, 0.8351999999999999, 0.1972, 0.4952000000000001, 0.1688, 0.8919999999999999, 0.1364, 0.7416, 0.1824, 0.2936, 0.866, 0.152, 0.956, 0.5172, 0.6312, 0.8964000000000001, 0.27079999999999993, 0.05119999999999991, 0.146, 0.6155999999999999, 0.09800000000000009, 0.5556, 0.0264, 0.4596, 0.0848, 0.1084, 0.19720000000000004, 0.9056, 0.6072, 0.8956, 0.1803999999999999, 0.9616, 0.4303999999999999, 0.6719999999999999, 0.0724, 0.2632000000000001, 0.8724, 0.79, 0.45920000000000005, 0.8076000000000001, 0.4019999999999999, 0.0404, 0.6428, 0.21520000000000006, 0.0208, 0.6155999999999999, 0.5592, 0.644, 0.394, 0.8308, 0.10040000000000004, 0.782, 0.79, 0.19320000000000004, 0.9448000000000001, 0.4364, 0.872, 0.4872, 0.2808, 0.4476, 0.8008, 0.2904, 0.6848, 0.116, 0.3588, 0.2572000000000001, 0.0528, 0.9572, 0.9652000000000001, 0.7924, 0.6184000000000001, 0.6448, 0.5052, 0.14959999999999996, 0.4476, 0.138, 0.15, 0.1816, 0.962, 0.7196, 0.26560000000000006, 0.978, 0.5436000000000001, 0.7428, 0.5588, 0.5328, 0.5316, 0.2392, 0.31479999999999997, 0.738, 0.656, 0.526, 0.8676, 0.9716, 0.13240000000000007, 0.6724000000000001, 0.6412, 0.7212, 0.7771999999999999, 0.5024, 0.8500000000000001, 0.5064, 0.7796000000000001, 0.382, 0.03639999999999999, 0.19999999999999996, 0.272, 0.4712, 0.9623999999999999, 0.4748000000000001, 0.09319999999999995, 0.9199999999999999, 0.5968, 0.9192, 0.6828, 0.578, 0.3424, 0.18999999999999995, 0.6783999999999999, 0.8524, 0.776]","[0.    0.005 0.01  0.015 0.02  0.025 0.03  0.035 0.04  0.045 0.05  0.055
 0.06  0.065 0.07  0.075 0.08  0.085 0.09  0.095 0.1   0.105 0.11  0.115
 0.12  0.125 0.13  0.135 0.14  0.145 0.15  0.155 0.16  0.165 0.17  0.175
 0.18  0.185 0.19  0.195 0.2   0.205 0.21  0.215 0.22  0.225 0.23  0.235
 0.24  0.245 0.25  0.255 0.26  0.265 0.27  0.275 0.28  0.285 0.29  0.295
 0.3   0.305 0.31  0.315 0.32  0.325 0.33  0.335 0.34  0.345 0.35  0.355
 0.36  0.365 0.37  0.375 0.38  0.385 0.39  0.395 0.4   0.405 0.41  0.415
 0.42  0.425 0.43  0.435 0.44  0.445 0.45  0.455 0.46  0.465 0.47  0.475
 0.48  0.485 0.49  0.495 0.5   0.505 0.51  0.515 0.52  0.525 0.53  0.535
 0.54  0.545 0.55  0.555 0.56  0.565 0.57  0.575 0.58  0.585 0.59  0.595
 0.6   0.605 0.61  0.615 0.62  0.625 0.63  0.635 0.64  0.645 0.65  0.655
 0.66  0.665 0.67  0.675 0.68  0.685 0.69  0.695 0.7   0.705 0.71  0.715
 0.72  0.725 0.73  0.735 0.74  0.745 0.75  0.755 0.76  0.765 0.77  0.775
 0.78  0.785 0.79  0.795 0.8   0.805 0.81  0.815 0.82  0.825 0.83  0.835
 0.84  0.845 0.85  0.855 0.86  0.865 0.87  0.875 0.88  0.885 0.89  0.895
 0.9   0.905 0.91  0.915 0.92  0.925 0.93  0.935 0.94  0.945 0.95  0.955
 0.96  0.965 0.97  0.975 0.98  0.985 0.99  0.995 1.   ]","[0.0, 0.0, 0.005, 0.00875, 0.01375, 0.02, 0.025, 0.03625, 0.04375, 0.05, 0.0525, 0.0575, 0.0675, 0.0725, 0.07625, 0.0825, 0.08375, 0.08875, 0.09625, 0.10125, 0.10875, 0.1125, 0.11375, 0.11875, 0.1225, 0.1275, 0.1275, 0.13375, 0.1375, 0.14, 0.14875, 0.15375, 0.155, 0.15875, 0.165, 0.17, 0.175, 0.18, 0.18875, 0.19125, 0.1975, 0.19875, 0.2025, 0.2075, 0.21625, 0.22375, 0.22875, 0.2325, 0.23875, 0.2425, 0.24875, 0.24875, 0.255, 0.2625, 0.26625, 0.27, 0.2725, 0.275, 0.27875, 0.28875, 0.29125, 0.29625, 0.29875, 0.305, 0.3125, 0.3175, 0.32125, 0.325, 0.32875, 0.33125, 0.33375, 0.335, 0.33875, 0.35, 0.35375, 0.355, 0.3575, 0.3625, 0.3675, 0.36875, 0.37625, 0.3825, 0.39125, 0.39625, 0.4025, 0.4025, 0.41, 0.415, 0.42125, 0.42625, 0.43375, 0.43875, 0.44875, 0.45375, 0.45875, 0.465, 0.47, 0.48, 0.4825, 0.485, 0.49125, 0.495, 0.5, 0.50125, 0.51, 0.5125, 0.51875, 0.5325, 0.54, 0.545, 0.5525, 0.55625, 0.565, 0.565, 0.5675, 0.5725, 0.5775, 0.58375, 0.58625, 0.59, 0.595, 0.5975, 0.60125, 0.61375, 0.6275, 0.63125, 0.6325, 0.6375, 0.63875, 0.64625, 0.64875, 0.655, 0.66375, 0.6725, 0.67625, 0.685, 0.69125, 0.69875, 0.70375, 0.7125, 0.72, 0.72, 0.72375, 0.73125, 0.73875, 0.745, 0.74875, 0.75375, 0.7575, 0.76375, 0.7675, 0.77375, 0.77875, 0.78, 0.78625, 0.7875, 0.79375, 0.79875, 0.80625, 0.81, 0.8125, 0.81875, 0.82375, 0.8275, 0.83125, 0.83375, 0.8375, 0.84, 0.8475, 0.85625, 0.85875, 0.865, 0.86625, 0.8725, 0.87625, 0.88, 0.8825, 0.88625, 0.8925, 0.9, 0.90625, 0.9075, 0.91, 0.91625, 0.925, 0.93125, 0.93125, 0.9375, 0.9425, 0.9475, 0.95125, 0.9575, 0.965, 0.97125, 0.975, 0.97875, 0.9875, 0.99125, 0.995, 0.995, 1.0]"
